MATCH_ID,MATCHMAKING_ATTEMPT_START_TIME_UTC,MATCHMAKING_DAY_OF_WEEK,PLAYER_ROLE,PARTY_SIZE,SERVER_NAME,PLATFORM,QUEUE_DURATION_IN_SECS,MATCHMAKING_OUTCOME,MMR_GROUP_DECILE,CHARACTER_NAME
0v9n967dyvI0RXIadNJOsQ5qomqH5jUL,13:00:20,Wed,Survivor,3,us-west-2,ps5,95,success,17,Survivor
zQPdidaimi1aNboGkSCIkrU2zQe9kdKc,05:54:59,Fri,Survivor,3,us-east-1,steam,87,success,12,Survivor
rQ6MyGU1m2BD6G4OA6qbOSi1bwUwaRIo,18:33:10,Wed,Survivor,4,ap-southeast-1,steam,2,success,16,Survivor
5HO9FCGTmHDXwP8E62qXVQ8WXwohU01F,15:04:22,Sun,Survivor,1,us-east-1,ps5,117,success,5,Survivor
0WgJ9qdBMPOOdSeT4myewDFRAG4uxYKL,23:14:06,Mon,Survivor,2,ap-southeast-1,egs,74,success,18,Survivor
NH4SYRCfNeuCt75yW72Tg6nKv624wvMK,13:45:11,Tue,Survivor,2,us-east-1,ps5,92,success,16,Survivor
x5nypiLC8tP90XMXJUqII4lv4qZMjuZa,01:56:12,Sat,Survivor,4,eu-central-1,ps5,24,success,6,Survivor
mTCe8TfdgrPD2RA37KabwZ0dS2CR9oW7,10:46:04,Fri,Killer,1,eu-central-1,xsx,10,success,10,Killer
ldeNbRwwomMWBYHOL6agPthO02oFWlZ1,16:12:57,Sat,Survivor,1,us-east-1,egs,39,success,17,Survivor
h93kS2Io6HBUQ8RG4INQbRCPxJShN8yC,19:56:17,Sat,Survivor,4,us-west-2,steam,29,success,10,Survivor
kifnQzuOLvigLWLQxLBKhuf9bNjsJAON,17:27:15,Wed,Killer,1,eu-central-1,egs,69,success,17,Killer
M0pCouJYzkOXqZmefpiDF8uSE6b07mf7,22:45:35,Tue,Killer,1,eu-central-1,ps5,6,success,15,Killer
EBbVbPFveQjmPhj4XXDRgLecTj2EW7hG,02:20:11,Wed,Survivor,3,ap-southeast-1,egs,86,success,5,Survivor
rmCPDgoZtKP10lISGr2wt5JqUJlaYkdv,20:53:20,Wed,Survivor,4,ap-southeast-1,egs,0,played_cancelled,12,Survivor
h7DsBSRTuPskkp0tbnMMOb6eRvnEu5Zq,18:47:52,Sat,Killer,1,ap-southeast-1,steam,19,success,19,Killer
FJwMEyd9v363Hm0XpxQravx1eldLix2c,09:14:01,Fri,Killer,1,eu-central-1,egs,98,success,3,Killer
nlxXmWeFw7WP3epx3ZzgZWiejSizaAQB,10:40:48,Sun,Survivor,2,ap-southeast-1,xsx,11,success,13,Survivor
flyYMn0k3N9M5zsmuItNsTXkgofmFtXF,01:52:57,Sat,Survivor,1,eu-central-1,steam,28,success,1,Survivor
6P7UwQzG0T4Cr61ydq4iMKznldrH6X56,01:18:57,Sun,Survivor,3,us-west-2,ps5,10,success,16,Survivor
SiPQWrgYzw0MPKMqijaRAYYKKkZ6L60G,04:08:12,Thu,Survivor,4,ap-southeast-1,xsx,108,success,13,Survivor
yNai28RrpFVenrXjSTie67NVfOdGFa1p,10:31:22,Fri,Survivor,2,ap-southeast-1,xsx,59,success,2,Survivor
EYPJqVJ8am19LqQ0Am6wpgvkJAkM0cfL,00:08:46,Thu,Survivor,2,us-east-1,ps5,10,success,13,Survivor
D5LAPYoZjqN3Y740ny3xyJzmIf5LxFxY,07:02:58,Mon,Survivor,4,eu-central-1,steam,24,success,9,Survivor
0w9MyyBgqZeolYvxlScpuXaWw7CVMRTt,16:11:36,Wed,Killer,1,us-east-1,egs,42,success,9,Killer
9wqmzaEQ2Lr8p80yJGIdLNjhucpW4Oga,19:25:53,Thu,Survivor,2,ap-southeast-1,xsx,7,success,20,Survivor
6NJsc0eM6w5MwwdwlKoLuRJLl4oxfRhU,22:57:34,Tue,Survivor,2,us-east-1,steam,5,success,19,Survivor
PFqYC2pQmHSJphLPyaetCT6HFKHuNhlZ,18:50:28,Sun,Killer,1,us-west-2,xsx,18,success,9,Killer
zotQacHeTjVUG9KtNldflGqSCV0i3OxV,01:55:34,Fri,Survivor,3,ap-southeast-1,ps5,27,success,14,Survivor
VTyg7PxZU618funmCUNtyvDiTtkaWXj6,06:01:06,Fri,Killer,1,ap-southeast-1,xsx,35,success,3,Killer
rUFQJkoGe8qBdnEZawrPcbx0oECUExdN,00:48:49,Tue,Killer,1,ap-southeast-1,steam,118,success,20,Killer
KH9v02L14m2j4VPBNvt3cGXiLDPfhKLI,03:01:42,Sat,Survivor,1,eu-central-1,ps5,82,success,14,Survivor
NQoXqkrqjv8durwO4YAjidGly0N17its,17:17:25,Sun,Survivor,4,ap-southeast-1,egs,59,success,13,Survivor
XW2FmIbMwVcsqA579q3CIwBX4fVXfQc0,23:33:05,Sat,Killer,1,us-west-2,xsx,7,success,6,Killer
JF0R6wJcC4y8pc6sbVRgieBHCzDyDZxI,17:38:58,Sun,Survivor,4,ap-southeast-1,egs,72,success,1,Survivor
wxFvjqzCIFMFHdA6bGHT3zdImlra8R8g,23:37:07,Fri,Survivor,1,us-east-1,egs,17,success,19,Survivor
bcdq8yc4ASfcEOFo2DfkmjxCeQosQXIO,09:26:38,Tue,Survivor,1,us-west-2,egs,60,success,11,Survivor
zi49wOG5ROXXNawBQHodWUjVSiFLg6we,23:54:46,Wed,Survivor,3,us-west-2,steam,43,success,14,Survivor
Y3USgj5nDrFqxU6RQsZtRnSGnIzTxnp1,19:11:35,Fri,Survivor,4,us-east-1,steam,53,success,7,Survivor
wThZhYzvSncIroAwkex8hqjyfAFNO1X9,02:02:49,Sun,Survivor,4,us-west-2,egs,58,success,18,Survivor
5qreGcNUyTpSbTA5At4xLHBUV1z1Grxp,02:34:07,Fri,Survivor,3,us-east-1,egs,67,success,18,Survivor
94i9f5Qd7TCbtHhCJY0bq67oOwD9gLNP,11:40:20,Wed,Survivor,3,us-east-1,ps5,48,success,12,Survivor
uV7R4GLgRRE8r2vQJLKMLhwfbKjD2Zgc,03:30:42,Thu,Survivor,1,eu-central-1,xsx,81,success,7,Survivor
QrekHp8CyID6VEf0jSO4yvbbQA544ou2,22:28:52,Thu,Killer,1,ap-southeast-1,ps5,51,success,6,Killer
cqYOnUnkofyUhWPtkRbJWaZzloWDhQ9m,23:14:28,Wed,Survivor,3,ap-southeast-1,ps5,54,success,4,Survivor
XttVBTS1J4Rp8c5EyJqi8QODwwR8fCcw,13:41:57,Wed,Survivor,1,eu-central-1,steam,52,success,11,Survivor
53tiRSntzA6f7YotjnUDFdewOArSLrL2,09:50:03,Wed,Survivor,1,us-east-1,ps5,73,success,3,Survivor
JnOaOVyISJqWhiKlaZNEvWlzOeX6DYXC,12:24:30,Thu,Survivor,2,us-west-2,ps5,106,success,11,Survivor
i2ypaJGScLs30hXj56KP83OxSV4qdgmg,20:34:48,Mon,Survivor,1,us-east-1,ps5,38,success,12,Survivor
2FynPPzHSxSaQganvhxRXJatYuAM4Fw7,22:41:31,Sat,Survivor,4,ap-southeast-1,egs,20,success,13,Survivor
xSORuFEVe9vvwPMk4AvasHtiA4b1JpWV,00:06:38,Thu,Survivor,2,eu-central-1,steam,96,success,7,Survivor
EfPEM3Sd9L70JRyXRBEEnNqT8nB7Bmyj,18:48:23,Sat,Survivor,1,us-west-2,egs,99,success,13,Survivor
PixmUJfcaw6bWz0AozF3c03NTikqBNon,17:58:55,Sun,Survivor,2,ap-southeast-1,steam,59,success,15,Survivor
00BzvGxd44XB75PHDpKlUkrkZSbdD4Al,13:06:27,Sun,Survivor,2,eu-central-1,xsx,20,success,9,Survivor
pVvLqonN8uMadPxIRz6nYcRc6RIldS3y,05:03:46,Wed,Killer,1,us-east-1,steam,43,success,5,Killer
p9M4oR66RDJdULfjEKqGHzrqr2KlY5ZL,03:04:42,Thu,Survivor,1,eu-central-1,xsx,21,success,17,Survivor
97Eewnj6ur6cYqDwpx43mDrFVTkSBao0,03:24:52,Fri,Survivor,3,us-west-2,ps5,10,success,19,Survivor
0CwA8ugziIjJGDGiUeNp8OukJBG11oaA,23:53:50,Sun,Survivor,3,ap-southeast-1,xsx,35,success,13,Survivor
KWjzPibpsBtaaqUSn26w4Mxzj3gNbHSd,17:49:21,Thu,Survivor,2,us-east-1,egs,55,success,14,Survivor
apHWBHNS00p0c1TjOvFQoCPx3ziwp8nx,00:14:36,Wed,Survivor,4,eu-central-1,ps5,41,success,1,Survivor
K1X0XDWxB2WUUXn7ZwPTOOPY10tAeFWa,05:12:50,Sat,Survivor,1,ap-southeast-1,ps5,67,success,1,Survivor
Udpsqfc3pv7Ys0KAoAuAe7g09rFZHLaE,02:17:44,Sat,Survivor,1,us-west-2,xsx,21,success,10,Survivor
FoyOEip6CyrlXbD8ToJaF1gBcJBYgE7n,19:25:17,Wed,Survivor,1,eu-central-1,xsx,7,success,3,Survivor
a8ophN7MgBeK830XWFNkhOiRZhhr1Rx6,02:51:54,Sun,Survivor,3,us-west-2,steam,36,success,4,Survivor
DrSlyeTR9GvFVcFXQMSrNT1Hzvuh8pSU,20:57:52,Thu,Killer,1,us-east-1,steam,79,success,19,Killer
P67vpsjl1pwQsAzMMYymnT5PEDtWmt2U,16:45:16,Sun,Survivor,1,us-east-1,steam,29,success,5,Survivor
DmibX05Yc3krcFNggSgpU7zh90ANVKF5,14:24:28,Thu,Survivor,2,ap-southeast-1,xsx,20,success,5,Survivor
bLhm1BwhCflsmZGOtTXWF8AxaIG8EOJW,00:17:23,Sat,Killer,1,us-west-2,steam,75,success,5,Killer
STXyL7rzA4vNhYdUhWe3p6E20wFxQf6a,15:33:11,Sat,Survivor,4,us-east-1,egs,36,success,16,Survivor
8tCb5lCkjlxqPMRPh4WJvQ83pi5xkAcj,23:15:07,Sat,Killer,1,ap-southeast-1,egs,26,success,20,Killer
gkTuYCXPhKeQyB1qyAhhUxMllvKzfneC,15:34:27,Wed,Survivor,2,eu-central-1,ps5,86,success,9,Survivor
qiD4eAYgjtklM4SbQiJZtAngOcCJLm3j,13:02:50,Wed,Survivor,3,us-west-2,steam,53,success,15,Survivor
Q5OaeXDOroEVEAZXq2FN8eKjOaBIIm8N,04:35:34,Sun,Killer,1,eu-central-1,ps5,38,success,5,Killer
VQcmKWEgdGIsynxo8jcuLqL4KPA2DfQl,17:33:46,Sun,Survivor,2,ap-southeast-1,xsx,107,success,12,Survivor
vUEw6IVvIcDyv7Rr9FVft7GxZCPhAHqs,15:30:48,Thu,Survivor,1,eu-central-1,egs,77,success,7,Survivor
cCLlEU2tj5nVWcVSl2uoUMZ40JWUo9Pk,05:06:32,Wed,Survivor,1,eu-central-1,steam,33,success,9,Survivor
yPDWQVYa9El7VDM9Qaaf0dmZPBbv1sJb,10:45:54,Wed,Survivor,4,us-east-1,egs,6,success,11,Survivor
AzgXE7kBKIAJ9LYKI7th5D7krntAUOMu,23:41:52,Thu,Survivor,2,eu-central-1,ps5,88,success,3,Survivor
tSmkbAYllyUN0rh7mp4J35pSUwcop4AW,20:47:52,Thu,Survivor,3,us-east-1,steam,48,success,6,Survivor
6Dlyq2nqMMBaA2GyI0DAdd9F3SXXsYJ4,19:51:03,Sun,Killer,1,us-east-1,egs,12,success,18,Killer
g0rPkUsrtQS7DnxLxRcZkbUD2SpthUIA,23:06:54,Tue,Survivor,4,us-east-1,ps5,24,success,14,Survivor
GtMZBtz6B6DCiWxoyJhBqtQztUboabpm,09:58:30,Sun,Survivor,1,us-west-2,egs,49,success,12,Survivor
JRnWTinO6QdA3G8YkRqxBdorj7i0WCcy,20:19:47,Thu,Survivor,3,eu-central-1,ps5,4,success,5,Survivor
ywvTc3SMDELkUnVGoQLXh63BARmwhPfx,04:23:01,Sat,Survivor,4,eu-central-1,ps5,14,success,9,Survivor
pfrfy98iOmPUKB6JZrmofRY9T0KIuEnl,20:56:52,Mon,Survivor,2,ap-southeast-1,steam,118,success,8,Survivor
TcZCzeCFMHYcTEyglsmskqgNMv7xULiz,17:19:36,Tue,Survivor,1,us-east-1,egs,101,success,12,Survivor
YAsp0skzHtSb4XjbSxFJ84RsSnupZO4h,12:52:20,Thu,Survivor,1,ap-southeast-1,egs,15,success,19,Survivor
dRRR2lUS1uGND000slq2cSOuhuGi5xwN,18:12:26,Sat,Survivor,2,ap-southeast-1,egs,87,success,12,Survivor
kuzJIXJucRgWo4Vu4ooI0Is8bsKNmlnM,08:01:22,Wed,Survivor,1,eu-central-1,egs,118,success,18,Survivor
QG4qvEFv6a7Z4Qjpqd9r47ss5tBwgHIx,11:42:21,Thu,Survivor,1,us-east-1,xsx,98,success,6,Survivor
5LoTsz2DGqOoQBRoGeZkcPZiSvOgVR0d,13:01:14,Tue,Killer,1,eu-central-1,steam,41,success,14,Killer
fzyb2w2L9mpHmgqBi4tL3kc7HztPT20x,07:31:28,Tue,Survivor,1,ap-southeast-1,xsx,66,success,20,Survivor
j4PMCOVxL3snLid1QN3eoIArostpOcpn,13:12:56,Fri,Survivor,2,ap-southeast-1,ps5,10,success,14,Survivor
7Zz9xvS6mKF52pVOpZSeg8Vdk5le7xhP,07:47:24,Sun,Survivor,2,ap-southeast-1,steam,37,success,14,Survivor
HHYpTdNE9ILUIqZl35EaJvfvdZiCg4GJ,00:32:22,Thu,Survivor,3,us-west-2,xsx,30,success,9,Survivor
oGihDjanmKVTzNKqDkF5dNov5nHKqxd3,22:18:32,Wed,Survivor,4,us-east-1,egs,9,success,17,Survivor
70Cxkrl9JMwvzQHjeC6SZeNDAJg8hX52,08:39:55,Thu,Survivor,4,eu-central-1,egs,23,success,7,Survivor
SflUAELJEWyNWZbcmDNhVREfRkVidlSn,23:33:47,Sat,Killer,1,us-west-2,egs,96,success,14,Killer
AikTEps32Ws3V7dlX69GBPEi71HXFJZ0,14:19:31,Mon,Survivor,4,eu-central-1,ps5,10,success,20,Survivor
R2aNk6OK20zyqjiIVRrPPLNuJ1JUluZ9,09:02:18,Tue,Survivor,1,eu-central-1,steam,115,success,9,Survivor
nqiotTGULLbnCN6bU23opfhzLCdyRsNk,10:56:23,Sat,Survivor,3,us-west-2,egs,116,success,19,Survivor
f5xRHc5gpqB7goaUxkKHcmS5gWjClxvb,11:28:49,Fri,Survivor,3,us-west-2,egs,100,success,10,Survivor
pwmAMkbmOaDFtopmFBNToDz0BQK6i7DA,11:43:25,Sun,Killer,1,us-east-1,egs,118,success,8,Killer
We4xccAVIyJgZOA3Xvjv2WC7uoKkSSSL,15:45:55,Fri,Survivor,1,ap-southeast-1,ps5,107,success,8,Survivor
lsMFYMupeIewuMhQo097PKt0fdWFBhGa,22:15:01,Mon,Survivor,2,us-west-2,egs,98,success,7,Survivor
o1vBAJFSyYY8caHydLNMTQz3GymFW2H7,07:50:02,Tue,Survivor,4,ap-southeast-1,xsx,67,success,2,Survivor
AaQ7gIdqSgDrDwfDzNn1GClaJsidMgFV,03:39:52,Thu,Survivor,2,us-east-1,egs,78,success,3,Survivor
Ql3wuNC698UT6oSunxb1M9e2QtD3GYgu,17:49:00,Thu,Killer,1,us-west-2,ps5,37,success,11,Killer
wBRahHpLkITrbeDvpIgVRyB1dAa9vgfN,12:28:20,Wed,Survivor,4,us-west-2,xsx,119,success,14,Survivor
l15rDJxt4EO0LrUcOPcaS6xBx3lDIrnX,10:39:54,Sat,Survivor,4,eu-central-1,xsx,106,success,9,Survivor
aBMH2dJYE3lToEb4kw5VMwDIVfCX4ie4,06:57:59,Wed,Killer,1,eu-central-1,ps5,24,success,2,Killer
zTWtEb5ZMPHJfbwNdmeSu9cgFiaBftRN,15:35:46,Wed,Survivor,4,eu-central-1,ps5,11,success,1,Survivor
5QmxlJZuLIy3JwdsxallBqtCZ191PziG,00:02:40,Sun,Survivor,3,us-west-2,ps5,27,success,16,Survivor
7Xeu0SvbwxfHUseHsYrUiiM4INrQjGNA,11:32:00,Sun,Survivor,3,eu-central-1,ps5,6,success,3,Survivor
vNIMfAh68ikrE1FH5RHPYYfbyNs5IfrS,21:58:03,Tue,Survivor,2,ap-southeast-1,egs,3,success,6,Survivor
K9ZeNzO1OBJpWd2dxOamJUE10HF7cSyh,15:10:12,Tue,Survivor,1,us-east-1,egs,16,success,10,Survivor
JrfnjWR5movdzFjn6xiGGmaRaQHLd7GV,13:03:30,Sat,Survivor,1,ap-southeast-1,ps5,88,success,2,Survivor
cuLC8zmrWcs6FgQfFVIajh6lmMMYJiRr,08:35:07,Tue,Killer,1,eu-central-1,ps5,63,success,7,Killer
8Z5EJ0BU6x9WfGdkc64Naq6mpDH7VlfQ,04:39:32,Mon,Killer,1,us-west-2,ps5,92,success,6,Killer
c5zGiH8zOxXO4pFVkm2pFPl9x1Qfklny,15:01:14,Sun,Survivor,1,ap-southeast-1,ps5,49,success,16,Survivor
A9pL9tXEvEiD3oDf0kaVbN58XYpbvtWk,17:01:00,Fri,Survivor,2,ap-southeast-1,ps5,102,success,7,Survivor
bt7rrJ0ctkNAO6U7DUrU4NiwDV1FF4ri,19:07:51,Sat,Survivor,2,us-east-1,steam,56,success,7,Survivor
YDbmW2hSjPTe8qc1FDzBVzHODHRCEABP,15:18:58,Sun,Survivor,1,ap-southeast-1,egs,61,success,7,Survivor
NBXala00dbkbPwhBpWKYuTlp8fJUmxjP,16:09:19,Tue,Survivor,3,ap-southeast-1,ps5,51,success,5,Survivor
7M7iaY3x3YalsXeygKogCcGgkfykI6lp,00:25:28,Sun,Killer,1,us-east-1,ps5,33,success,13,Killer
khsXQVuVrH114EZa3W9enOHZ65YV6agi,06:19:01,Sun,Survivor,2,us-east-1,steam,29,success,15,Survivor
LRmJLrhW4efw7m6OuNlKb8kidAe4Ivki,15:57:02,Thu,Killer,1,us-east-1,xsx,80,success,5,Killer
wxRakR40hImbFf4jt9uAAskE2TCxMIBh,12:18:07,Tue,Survivor,1,us-west-2,xsx,69,success,19,Survivor
KB762dGYNocquNKf4GkFQwRY8IqZ2XlI,16:29:39,Sun,Survivor,1,eu-central-1,egs,101,success,9,Survivor
KoMmx2PpsW58mEnOXrrFW5pzeXblAOXQ,20:21:31,Fri,Survivor,3,ap-southeast-1,xsx,0,played_cancelled,9,Survivor
BZgsSVjoOSjr9KgiPulBNVpailZhvUY6,07:30:22,Thu,Survivor,1,eu-central-1,ps5,56,success,17,Survivor
41wYxtylyQ0EimtIS21SgpkAwbdDeqXS,08:36:19,Wed,Survivor,2,us-east-1,ps5,68,success,12,Survivor
LAVX88hcPyUiRbdlXaokTOFh5xE7VG9K,01:50:01,Sat,Killer,1,us-west-2,egs,66,success,7,Killer
lKl66gvDg7HrV9pciGeO1AJnhKdz9cz4,06:03:26,Fri,Survivor,3,eu-central-1,xsx,48,success,19,Survivor
7B45bjbhCIG2B15kyDLSPXO9pYYAWIeN,08:00:02,Fri,Survivor,4,us-west-2,egs,8,success,19,Survivor
Gzq0KFsQPK5yIjEnrDt7KP3PU63THSpv,01:03:07,Tue,Killer,1,us-west-2,xsx,92,success,10,Killer
zx3dnvWW7mAYuZXEuElrJtu8SIKpSYHL,06:56:16,Sun,Survivor,1,eu-central-1,egs,45,success,12,Survivor
RnB9EZNNdD9316ovt7NFOZaOBSwTQbVe,08:37:33,Sun,Survivor,3,us-east-1,ps5,90,success,16,Survivor
jA5HWJ37b2ErRhZdcE0HvPPK49QptZkA,07:43:37,Mon,Survivor,4,ap-southeast-1,xsx,1,success,10,Survivor
YvcHQ32rGsUkaSfb66BGHnAfhqPpasaD,09:57:25,Fri,Survivor,4,eu-central-1,ps5,75,success,14,Survivor
3VRUVC5U2CYcBKjGlhLL3r3sBrqSz6Wn,11:13:35,Thu,Survivor,1,ap-southeast-1,ps5,29,success,9,Survivor
TZzvyGch2WiQBjHTrWatVPogB3Ty7umJ,19:21:55,Mon,Survivor,4,eu-central-1,xsx,45,success,10,Survivor
20fdq9USRvp14Lwx7zrkZiskeWaaBkWX,23:49:27,Tue,Survivor,4,us-west-2,egs,8,success,17,Survivor
KY5Z937uHmT3YhpqsvHWZV4G8afKlQaU,11:36:00,Fri,Survivor,1,eu-central-1,xsx,75,success,19,Survivor
LflJYNfAUHGhnrHddcNraE3JyWCc9uou,15:49:33,Sun,Survivor,2,us-west-2,steam,9,success,15,Survivor
4eBf2KA3moqxZvSodB0xquKpeyPa7F76,20:31:11,Fri,Survivor,4,eu-central-1,xsx,42,success,8,Survivor
W1MonspzkVNc0yMv0seCDDpyvlBqhpWa,01:17:28,Sat,Survivor,4,us-east-1,steam,113,success,19,Survivor
Mx1IoUyVcpgy2RisNye7mv2pZylPGSei,03:22:19,Mon,Survivor,3,us-east-1,ps5,69,success,11,Survivor
NEXq3lccfkjASkqE2wX3FpnTrXDVSzgk,11:09:24,Sun,Survivor,3,ap-southeast-1,xsx,74,success,2,Survivor
WiHa2A34QZqHzANf8EjrrJ4hippdpoIj,13:37:56,Sun,Survivor,3,us-west-2,egs,51,success,1,Survivor
kKAsW43JV6eSFskCVDhVnOZOsfN5lLMY,16:30:06,Wed,Survivor,2,eu-central-1,steam,62,success,10,Survivor
0lQWgX8zhLC14MBNPHS9fUUu8cZ6R8Sg,15:46:09,Fri,Survivor,3,us-west-2,xsx,4,success,15,Survivor
2CI7iDzvgqKKJg0QjMNVVyA30XB3aCqd,03:56:51,Mon,Killer,1,us-east-1,xsx,42,success,17,Killer
SWV8FdJF4oUJoMG796Y7q9dv8peYf44I,02:22:39,Fri,Survivor,2,ap-southeast-1,ps5,3,success,18,Survivor
2NHbryfBhe3xsm8tf3rB7aREo6vVlP1H,15:28:31,Sun,Killer,1,ap-southeast-1,xsx,28,success,19,Killer
hhKowDtAnebQBoTIltxJV54tfjiYQxZn,00:54:44,Wed,Survivor,1,us-west-2,xsx,112,success,18,Survivor
EFqXQ41Y1ePecgdlq5PqenNSPAZEUt9y,02:19:40,Thu,Survivor,4,ap-southeast-1,egs,114,success,9,Survivor
IirRIrU6g00QWOe37ItwxKf3YuEnwaHE,20:35:50,Thu,Survivor,1,us-east-1,xsx,66,success,5,Survivor
29RyxGoPzak2qn4zuroKGad4YObPBwsz,18:34:30,Sat,Survivor,3,ap-southeast-1,steam,107,success,6,Survivor
8FLFKvC4lUQaeuJPrwRb2zPG0I5hZOv6,21:23:51,Fri,Killer,1,eu-central-1,steam,0,played_cancelled,12,Killer
sNX0AxZEYL6VINv6nOhRLgbvB3K8RVJa,18:20:57,Thu,Survivor,4,us-west-2,ps5,106,success,17,Survivor
tNJYZB1Qrtex4JZWbXMhn8vFNnOBzUkf,04:58:52,Thu,Survivor,1,us-east-1,ps5,108,success,18,Survivor
lxqePEpCn9SnF7VUGvXnr0hIGwKgqEiq,09:04:37,Mon,Survivor,2,ap-southeast-1,xsx,60,success,3,Survivor
XZssDeYQT8mn3ejfDxFQG2ujmNXEG4w4,12:23:10,Wed,Killer,1,us-west-2,egs,50,success,10,Killer
OvGn4BvPu0jNnRQwpmNmqjPnMB65gCNy,14:06:35,Sun,Survivor,2,us-west-2,ps5,44,success,3,Survivor
Yacn2xPMBs1UDMH6vEsyhKuA1dXy6GEM,11:20:45,Wed,Survivor,1,eu-central-1,ps5,87,success,8,Survivor
oOOYoUUfwzNsXMr71I4ZgN0CFUKxuuf4,08:32:37,Sun,Survivor,4,us-west-2,egs,91,success,14,Survivor
NybC2HtIUhFJeHraulMIA6ALHiCqiro4,07:43:52,Sun,Survivor,3,eu-central-1,ps5,55,success,20,Survivor
0YqKTFdh9oQBOrRuJBWQHRwapIqlOsRU,04:05:17,Wed,Survivor,2,eu-central-1,xsx,70,success,20,Survivor
Dw6OMXVauMecnbbTqeOthEMvj13jsEul,09:00:50,Sat,Survivor,2,ap-southeast-1,steam,119,success,15,Survivor
TO4BwmFRT4p0cZqOyG7GJkCcGj2CMhEb,12:54:40,Sun,Survivor,2,us-west-2,egs,91,success,20,Survivor
5WF7aepB62mIFyU8hkv9T1SX857xKASx,19:12:56,Sun,Survivor,1,us-west-2,ps5,94,success,13,Survivor
FfmTE6ppZCBCa7mS5NyfRlsjZI5m9llz,22:03:30,Wed,Survivor,3,us-west-2,egs,63,success,4,Survivor
bgFIwMKIMUjA6sEJeJmYniWfpzkJuu4I,14:32:59,Tue,Survivor,4,eu-central-1,ps5,112,success,15,Survivor
LKzXf0XFVkqaN9AhjmPzj6VXndt1DOid,04:18:40,Tue,Survivor,2,eu-central-1,steam,9,success,8,Survivor
HeupnIzusXQjRLHcYEzU4OYgXSmx4vHJ,10:46:34,Fri,Survivor,1,us-west-2,ps5,118,success,11,Survivor
NBvQTBXlgnwrxDEwpsPgU7f1FwirOHae,05:07:03,Thu,Killer,1,us-east-1,ps5,51,success,13,Killer
zjXnNfNP8cJr37lnzvyNCyEuFJMFZBws,02:24:24,Mon,Killer,1,eu-central-1,egs,119,success,11,Killer
Hw7MWByQlvcmhMbEYnPjoSuFn2qY5kV4,20:28:44,Sat,Survivor,2,us-west-2,steam,22,success,9,Survivor
1bcW1s3i3eNmw0yBqfrIRHAME9k0GTNr,15:56:15,Tue,Survivor,3,us-west-2,steam,31,success,11,Survivor
LWysOT73ePifexFe9bA4ND2OCbnPM7HH,20:57:11,Mon,Survivor,1,ap-southeast-1,ps5,31,success,6,Survivor
GQ6zGM74BBxhWwVHOIl2yn5TcCHrw92L,17:46:11,Sat,Survivor,2,eu-central-1,steam,30,success,10,Survivor
ngl6ThGs1WuYeboPzEBwcdtnszYvBjTG,22:01:57,Fri,Survivor,3,eu-central-1,steam,15,success,19,Survivor
h3cCbSb14Uchqiy40zAGS07ME0VWTm23,16:08:25,Tue,Killer,1,us-west-2,steam,13,success,11,Killer
0Qs5Oy3H4jk6NQ8TRuFtpcrTUfOFRGU9,07:35:14,Wed,Survivor,1,eu-central-1,egs,7,success,7,Survivor
fHZKB09d0A1dsxN5bxL7aD19lJKPuwsF,03:53:33,Wed,Killer,1,us-east-1,xsx,46,success,13,Killer
HtHe0fB0RcLhmjKXELBw7IWWZKwPVH0T,23:52:19,Sat,Survivor,3,ap-southeast-1,steam,76,success,11,Survivor
3PablG6TOu146vBR9RIqReVAJNERNpkg,18:31:42,Thu,Killer,1,us-east-1,ps5,108,success,15,Killer
K9pU7TCRJbDBJ584xOKMieLSnxkv3Vou,19:14:59,Sun,Survivor,2,eu-central-1,steam,22,success,4,Survivor
yzh36Vox4Y7z9xKeXdvnopc7syA7QNas,07:03:17,Fri,Survivor,3,ap-southeast-1,steam,39,success,10,Survivor
jVNBr8OG1psrr74PvZhQgAW06AtK6paK,10:38:55,Sat,Killer,1,eu-central-1,ps5,103,success,5,Killer
35L9b6NuTmvy22jkhOo9XrdOAsWYBGLI,13:09:55,Sat,Survivor,2,us-east-1,ps5,54,success,14,Survivor
MNlMwiTNA5ggeP48hJ0mFhyO1BmCjHov,12:25:09,Mon,Survivor,1,ap-southeast-1,xsx,85,success,19,Survivor
6SC1DHlRsHNkDOa95JXQ3EWl2OAKOexl,21:54:17,Fri,Survivor,3,us-east-1,egs,5,success,16,Survivor
oDJNGFGCfX1HRKTfeUWp1NLpColzk64N,06:25:44,Fri,Killer,1,eu-central-1,xsx,103,success,12,Killer
AnxLy5uSEb0iHCanmrxcKCR8DznUUQmK,09:36:01,Wed,Survivor,2,ap-southeast-1,xsx,55,success,12,Survivor
mSeVabc8QL4LBzMwmt7KwQhBZ78bGltQ,04:06:42,Sun,Survivor,2,us-east-1,steam,117,success,10,Survivor
snILqZPMsHjpJJBwlUBDG81sFJdyUsYM,23:19:59,Thu,Survivor,2,eu-central-1,egs,40,success,15,Survivor
RL5ahySq0FhrKRMmvHAeRxSLOJJ71QqB,00:22:39,Mon,Killer,1,ap-southeast-1,xsx,77,success,18,Killer
dUXheZFYOP4QGNFoBc2GddLT7rWQ49he,05:05:44,Wed,Survivor,3,us-west-2,xsx,50,success,17,Survivor
mgrtSxTsgquB6VEy9iUB3dwWoPTkT8Sx,09:57:43,Fri,Survivor,2,us-east-1,ps5,1,success,3,Survivor
Ocn456W9ooWXf6DM9MBzVu0E6p6jVp7H,11:42:40,Sun,Killer,1,us-west-2,steam,78,success,17,Killer
RsGvNSZf9YdC5roSYYrFMFpTtpeO74Sc,13:38:41,Sat,Killer,1,us-east-1,xsx,31,success,12,Killer
FHeb1ZDFL0V2bTgc7cqysFDQkZQURHdL,19:34:43,Sun,Survivor,4,us-west-2,ps5,104,success,19,Survivor
x5Rx5uZIfexQs7WvQNx5yE3BsObQvito,11:46:18,Tue,Survivor,4,us-east-1,xsx,102,success,5,Survivor
GDpSxYsLpOrkooNTn7glO0PRw4ERKdg5,13:53:01,Sat,Survivor,2,us-west-2,steam,28,success,15,Survivor
TeKs00J5sKBuiiFQAs6ixoHetQSkTmWM,01:43:52,Sun,Survivor,4,eu-central-1,xsx,35,success,11,Survivor
VnCcfW64MXNpaDgyFqlhhyXjLxL4oqJv,04:20:14,Sun,Survivor,3,us-west-2,steam,111,success,10,Survivor
4T0aNu1icmW7J1M5KqVl2pZ9OQmyCYA4,10:12:10,Thu,Survivor,1,eu-central-1,egs,7,success,16,Survivor
ORcP6frIfS42FSWBbQd95aUWoeP0oqIo,19:43:51,Wed,Survivor,3,ap-southeast-1,xsx,22,success,3,Survivor
3RXyJhCRvIcA8iDjOI8bwzCaSt5HRBGU,14:40:19,Wed,Survivor,3,ap-southeast-1,xsx,75,success,3,Survivor
vSlWJGclh5JKY9AmW6zFNjZ6nQcZ1RFI,07:01:20,Wed,Killer,1,us-west-2,egs,70,success,5,Killer
7ryARh32P5uFhj0GVkhC25xTcC6HXRUh,10:45:39,Tue,Survivor,1,ap-southeast-1,xsx,22,success,5,Survivor
TpQuGxH25dejbR8iGbL6Qubo6DwwpxM3,08:47:52,Thu,Survivor,3,us-east-1,xsx,118,success,6,Survivor
28zcKz8T5zHLAJ2MfTTXl6aoNUaum37c,04:38:17,Thu,Killer,1,us-west-2,egs,81,success,2,Killer
oSZito86ypWKAQHnd8E06JC52Fdegnsa,20:41:59,Wed,Survivor,3,us-west-2,steam,22,success,12,Survivor
5lCBxL2M4HlCFozpwOnvO8tFL5R6dXqD,00:41:28,Sun,Survivor,2,us-west-2,xsx,12,success,6,Survivor
iGOJRIweL1aJA3nAzbLOkDoUcZb6Ozmi,18:33:42,Tue,Survivor,2,eu-central-1,egs,57,success,9,Survivor
5AVOIdwun6agtVjoH8vsMvulmMpXQD7U,08:56:00,Tue,Survivor,4,ap-southeast-1,xsx,24,success,10,Survivor
wdDOUuTtYlaLmCpVuRRL3wYh1Q7AOuJb,02:01:51,Sun,Survivor,1,us-east-1,steam,55,success,6,Survivor
M6TZ1heN9whWCCxSzICxdQ0rzpAdsvBl,07:31:43,Tue,Survivor,3,us-west-2,xsx,42,success,7,Survivor
zPHNLKeR8z2k9GHk3koA0UWYANDCmIKh,23:35:42,Sat,Survivor,1,us-east-1,egs,87,success,11,Survivor
Vari4NQ103vJfuJFegeBKqsv1f76QiDu,03:44:04,Thu,Survivor,1,ap-southeast-1,egs,88,success,7,Survivor
u7E44nQ4nK2e4mUQnpe2a32gMJVDpWAc,05:03:27,Mon,Killer,1,us-east-1,steam,20,success,19,Killer
jUi2KkbkEKuVofbpSToSs70niZUWICxE,21:41:03,Mon,Survivor,1,us-west-2,steam,67,success,4,Survivor
iK6vUnCFwUBkdQJS0LsG4SlWvwkXF9ht,03:56:00,Fri,Survivor,4,ap-southeast-1,ps5,81,success,1,Survivor
ks0PMB1MOoADxXFztppf73HfPuAShFnu,08:57:40,Sat,Survivor,2,us-west-2,egs,92,success,12,Survivor
7z3gIdTC91DE3V3unSgmupHhnJhUjNwr,07:34:14,Thu,Survivor,3,eu-central-1,ps5,112,success,20,Survivor
ZXdj6rpJ9sNaNatBFlQOBUBKWtwqw4rs,01:23:19,Fri,Survivor,3,eu-central-1,ps5,96,success,13,Survivor
zsdg6K3g4uAyICgOA77LcXCJGpkSVk76,05:45:32,Tue,Survivor,3,us-east-1,ps5,60,success,20,Survivor
grwZ6rZUiCnqk975tBTu3uSQtBzbb93i,03:55:46,Tue,Survivor,4,us-west-2,egs,31,success,13,Survivor
RqzOnIIZtdhGufD3yH5CxRdVlqVg6Jws,15:11:59,Wed,Survivor,3,us-east-1,xsx,35,success,17,Survivor
GbcCxQWgTSSoS83VCJbNJGKkfXn8Cu10,16:17:37,Mon,Survivor,1,eu-central-1,egs,30,success,12,Survivor
hPh9P2eyDrkWImqmM94Yz6qNaxEyRKs4,00:16:52,Fri,Survivor,2,us-east-1,steam,48,success,16,Survivor
90qcadgqnQhDq7B7lWcv9mqFef9EW9fH,00:51:08,Sun,Killer,1,eu-central-1,steam,112,success,19,Killer
ZiLuUwMUrFws1TWnCR8Mfo9uZ8k1ItW6,17:47:14,Wed,Survivor,1,us-west-2,steam,26,success,13,Survivor
40ccfHDMJMPH8nbe1piHqkBcTr7HbyLy,18:33:22,Sat,Survivor,4,ap-southeast-1,ps5,11,success,16,Survivor
5oZv6W7bA2U0Qp2ZfTCltL1SxQGM9hwm,20:48:56,Fri,Survivor,1,eu-central-1,xsx,17,success,11,Survivor
Tgnwpzujwi63MN7e0t67GOOflcHESUfV,08:23:37,Thu,Survivor,3,ap-southeast-1,egs,18,success,7,Survivor
wwjaoz7gv3mYwBdqbkbHOT2fp4VuGvYq,09:27:09,Fri,Survivor,1,us-west-2,egs,64,success,11,Survivor
wwClLHc6t3EG5uQJSFCXvb6v6ZicecCP,06:20:46,Tue,Survivor,4,us-west-2,egs,58,success,2,Survivor
QYZGC5X4gQWsEqO5Fei8m9Q8yiRgKSry,16:29:20,Wed,Survivor,4,eu-central-1,steam,62,success,16,Survivor
CoMYUYYhwbR4odEr7JkFyDXGWzUN1XeX,04:27:34,Fri,Survivor,2,ap-southeast-1,ps5,85,success,6,Survivor
howsLlbTktTDylANQqR4wlou2fXlXgwq,15:31:34,Tue,Survivor,1,eu-central-1,ps5,104,success,20,Survivor
PXqifSezDrxcnILYYGiwmExkB7KaV06a,07:20:29,Wed,Killer,1,ap-southeast-1,xsx,63,success,9,Killer
geoP9aYarjYLAcvngHeX7fiITUyWJ86w,18:59:48,Wed,Survivor,3,us-west-2,ps5,47,success,15,Survivor
rCcxJAHSBfxgiPK7ZnHgsbitc5YTpkGG,11:20:56,Sun,Survivor,2,ap-southeast-1,steam,55,success,18,Survivor
c8JaYmC2z6hUhE60jQ51Xo6HlmibiPPp,10:42:40,Mon,Survivor,1,us-east-1,steam,107,success,18,Survivor
FKwNdIgA8MToA41TDJhkzsS5C1bCp1iq,12:12:15,Thu,Survivor,1,us-east-1,egs,29,success,20,Survivor
nt6mGAdiEYRtVCyxqF538eImp81hGB8y,01:51:05,Sun,Survivor,2,ap-southeast-1,steam,55,success,12,Survivor
R6Ux6WXgRdEodDI4jaga3U1x84SthTFn,14:53:53,Wed,Survivor,4,ap-southeast-1,xsx,50,success,10,Survivor
BtQ194iwsClTmySPnVaa7howJzN10qOc,15:07:18,Mon,Survivor,1,ap-southeast-1,steam,11,success,9,Survivor
4MzPEz3CmgdJ7m85fWpRNppUHUE8ogyB,17:10:20,Mon,Survivor,4,us-west-2,ps5,82,success,20,Survivor
YyUfCe7Dz5Gb9R7EjYLDradFRxcM0G3J,04:15:56,Tue,Survivor,1,ap-southeast-1,ps5,55,success,3,Survivor
j5UXwGBfmeIFA2UIKMvwu1iQcOM1ihuJ,04:32:21,Fri,Survivor,4,eu-central-1,ps5,37,success,1,Survivor
dBKF0QOnnEcpcNN6WLf1kCiMnTeJQuqc,20:57:08,Wed,Survivor,2,us-east-1,steam,30,success,8,Survivor
ZhWJ402jGkbkiAzVH0CZVs1U52aTZVO9,11:14:35,Sat,Killer,1,eu-central-1,egs,93,success,16,Killer
b4J8rqcX0bCVxqX5zWPcrZCAPHf0Dxcd,13:33:28,Mon,Survivor,3,us-west-2,xsx,64,success,14,Survivor
UMq8XYWveedDX6jafpKxOmWoGTsEF9J8,10:49:44,Wed,Survivor,3,us-east-1,ps5,90,success,15,Survivor
ZluBcq1fiV5ZupOMSL8AdEMS06dXiwgG,08:17:09,Mon,Survivor,1,us-east-1,egs,83,success,5,Survivor
vlA7SmfDxMfdlzy15WRbb5oU5fbhelTW,06:14:09,Thu,Survivor,2,ap-southeast-1,xsx,86,success,14,Survivor
bpDLN0CD2CBYLXyLUeN9JJpnZtVbwpJW,05:36:33,Tue,Survivor,1,us-east-1,egs,44,success,15,Survivor
v2EbQHip4ZF8F2t2ajFACaK5IJzt6s1M,20:04:43,Mon,Survivor,1,us-east-1,xsx,23,success,2,Survivor
DxS56Cbx75nuEaAaDcSd59K4coaLyZJy,16:11:18,Wed,Survivor,4,us-west-2,ps5,9,success,14,Survivor
J2RdPqhVPS4oB2f6TKKy9RAmEArrLq7A,15:37:34,Thu,Survivor,2,us-west-2,steam,78,success,3,Survivor
CE7LrWEcbb0MZFmnFv0BowRMo5s954K2,17:12:49,Tue,Survivor,3,eu-central-1,steam,116,success,3,Survivor
Xy2o0YI3VYgLCdvtM19eStBJbr5ABI3L,06:07:02,Mon,Survivor,1,us-west-2,steam,102,success,2,Survivor
21Md3Y1O8DFaDLCejS6FmgUUFPG9Tid9,14:41:49,Sat,Survivor,2,ap-southeast-1,steam,1,success,10,Survivor
kv2IqGKoN1jfnZeooyxvK7cKEhHhQZ0e,00:24:29,Sat,Survivor,4,ap-southeast-1,steam,13,success,9,Survivor
UcPTgzEP1kulouWm45kBtXjQAEpp1JmT,07:30:56,Sun,Survivor,4,us-east-1,ps5,81,success,5,Survivor
kEi3ooTX0wsuROTGJoXWfP8gz2jAafNV,15:43:15,Tue,Survivor,1,us-west-2,ps5,110,success,19,Survivor
JK2jXYUWW62OuOGpepfyJWkCQXcTRriA,21:28:00,Thu,Survivor,3,us-west-2,xsx,22,success,1,Survivor
gWA2qHdfDW5PVy7bRS6evbOxxVcf8Of5,16:23:38,Thu,Survivor,4,ap-southeast-1,steam,61,success,2,Survivor
dzOdn7T0FFSN5f6FQkjn8Pz9QX7Cmr6C,16:53:48,Tue,Survivor,1,us-east-1,ps5,65,success,16,Survivor
XGdWS08cu7Tgq5F3We8nCoL0uPYSBOaq,23:15:29,Mon,Survivor,2,us-west-2,ps5,57,success,13,Survivor
3keMmlsS9Igu4cZeLgIqsHcXUfgYek5B,13:23:01,Mon,Killer,1,us-east-1,xsx,58,success,7,Killer
JRuwy77iqg13OCF6ZLfRpkSyweUavusL,00:11:37,Sun,Survivor,1,ap-southeast-1,steam,83,success,18,Survivor
Vt0DeACttq6eaa7I4PVqNyvhPjsq02T3,05:06:32,Sat,Survivor,2,eu-central-1,xsx,80,success,5,Survivor
HDkgAKqQcTxFnN4e0KcW4CLpEaT3Bweo,08:26:18,Tue,Survivor,4,us-west-2,steam,118,success,17,Survivor
DpZidkGDGkq5mzHtyOuDlXZd87SPCo6n,00:32:36,Thu,Survivor,3,eu-central-1,ps5,94,success,4,Survivor
YtzSl9ZYsPyzhyh74oW971Ji46TFOgz8,04:09:28,Fri,Survivor,4,us-east-1,xsx,10,success,4,Survivor
ZP8zRjVH0QTwnbOSRMsRTanWnzWbmFLq,09:11:03,Tue,Survivor,1,eu-central-1,egs,119,success,10,Survivor
rpZgRLjgEx1ktltgsRmQe68tcyqza2Di,03:29:17,Wed,Survivor,2,us-west-2,steam,59,success,10,Survivor
iOt0reg7danDHqOsc0pIosLHpFPlqMTQ,15:56:27,Thu,Killer,1,us-west-2,xsx,97,success,9,Killer
mnsAEC0npGFSDKWJTswTQsthdjJaJCpp,07:06:09,Mon,Survivor,2,us-west-2,steam,78,success,18,Survivor
1IVft2JUr05LE1SnTFUmcA0YznmyIjdU,02:01:16,Sat,Survivor,4,eu-central-1,steam,11,success,16,Survivor
tSMdjnd2AFI1zkG9n5RVRnNxPwe0cbPc,11:40:12,Sat,Killer,1,ap-southeast-1,egs,101,success,7,Killer
LJwRdViiZQ5DaMmcpR4MElTj3pQZNIpR,11:24:18,Sat,Killer,1,eu-central-1,xsx,30,success,10,Killer
e0gGWsMyW5COXnKH1uuVVmAPDDvhbSe3,03:07:49,Mon,Survivor,4,eu-central-1,egs,102,success,20,Survivor
ytiiQ4f0OhuoJvbj6lhhAqqPO3r2ZzI3,14:27:23,Fri,Survivor,3,us-west-2,ps5,38,success,12,Survivor
pBC59tEuR3KP5LtFKFsx1aC8Z4hfxdAK,09:29:15,Sat,Survivor,3,eu-central-1,xsx,75,success,17,Survivor
ArLioSp1E7ZAqwvsQTklRn613rdSA2Z1,04:20:08,Mon,Survivor,1,us-west-2,ps5,112,success,19,Survivor
V1mTxD9TC7O5IzbI6kjCcLnIKh9abujL,20:01:49,Tue,Killer,1,us-east-1,xsx,20,success,14,Killer
mz0OjzBwZf27EJ5Pw5lLIPbRJk40Pz0G,21:54:35,Thu,Survivor,3,eu-central-1,egs,115,success,9,Survivor
YvNCAw75814f3w8j3vuqWM8q3S0pSQWp,12:57:52,Wed,Killer,1,eu-central-1,egs,89,success,20,Killer
GIIFbcEQ5zokviWPvmvlR0MFJaMvMwJ6,18:57:35,Sat,Survivor,3,eu-central-1,egs,39,success,17,Survivor
ntviJSifFoCWPSexTRm5s9hG3gacD9iO,08:35:07,Thu,Survivor,2,eu-central-1,egs,1,success,9,Survivor
tl7AFSItrVc3fJOCN5wdYlD6rzHCizPD,14:11:35,Sat,Survivor,3,eu-central-1,egs,114,success,6,Survivor
TMKZdmKLDaeOb4NDWYxKjTwI6NXJ0PnG,10:41:50,Thu,Survivor,4,eu-central-1,egs,27,success,19,Survivor
lCRGKPppn72GpnqHGUHo1tfTilN4UmAH,08:27:53,Tue,Survivor,1,eu-central-1,xsx,8,success,9,Survivor
dvOVET1kTYJa8JmzMAEYE5j4IN2YWJc3,20:57:25,Wed,Survivor,4,us-west-2,egs,22,success,9,Survivor
TA6CQPTpI2A3ZU7e68cR9UfQ8wNcqHfd,00:51:54,Thu,Survivor,4,us-west-2,xsx,70,success,10,Survivor
oUYJkjccqo7gGktsYO2fB65uztzFQlDl,04:10:13,Wed,Survivor,1,us-west-2,egs,99,success,18,Survivor
jP32mXJ2sApjoPgR236WFt5mI7L7gOVh,13:12:33,Sun,Killer,1,ap-southeast-1,steam,112,success,9,Killer
vJkE847QZTPwGzEiwneUrQB54Zhe6zZ8,10:50:06,Sun,Survivor,4,ap-southeast-1,xsx,28,success,20,Survivor
oDu7DAwJatif4Zg8NGPrV96TDpVhFQcL,19:06:24,Fri,Survivor,4,us-east-1,egs,69,success,6,Survivor
yVjMNNp8R4sXsSbX8ABi0eKnCtDzTQAA,16:52:09,Thu,Survivor,4,ap-southeast-1,egs,80,success,2,Survivor
Iixas8ucRyS8XGZMGGI1NB7faH1cNi9v,15:11:35,Sun,Survivor,3,eu-central-1,egs,4,success,17,Survivor
sGZ56a48qKiSxEtlYpGK8y5YkT0ky89J,22:37:19,Sat,Killer,1,eu-central-1,egs,87,success,18,Killer
o0ZldVD6sZUAqf9qI2mWyf6FpEDR0IEa,15:01:40,Sat,Killer,1,us-west-2,steam,62,success,15,Killer
1wqPD90GzAB4mpmVSQWOPEpCr7Xoq18S,00:34:24,Sat,Survivor,4,us-west-2,ps5,59,success,3,Survivor
5gbaXgvrfmpErkWL4MbBDxP7bMfxc1ox,11:02:43,Tue,Survivor,3,us-west-2,steam,51,success,3,Survivor
vBcBiKLVTqM4FOQ0voKyJGGGb17Q7hmt,08:55:26,Fri,Survivor,3,ap-southeast-1,steam,62,success,14,Survivor
7GwC2CfuvTbSrw3DrPf7kFaKV83mqWhR,19:12:49,Tue,Survivor,1,us-west-2,egs,36,success,20,Survivor
jsPCs5mzOejadftSXLddWM1edcqDjoYE,06:15:07,Sun,Survivor,3,us-west-2,xsx,86,success,8,Survivor
tsyVhjgjwzV6NaxKgxdCVdKtfKC6L7LQ,03:25:20,Mon,Survivor,4,ap-southeast-1,ps5,59,success,8,Survivor
CQklyZOmOKFyjG7sM2AzuBWu8iXTwBE7,15:52:00,Mon,Survivor,2,us-west-2,xsx,74,success,13,Survivor
Y8Suls2SAQ2jbwLMgOukFtw1Fu2zpYXu,10:45:51,Sat,Survivor,3,us-east-1,xsx,36,success,5,Survivor
XVNrjePd2XS4hSbju9LPGYqvanl0HvMD,16:47:36,Wed,Survivor,4,us-east-1,steam,43,success,3,Survivor
h1JIyUjfJayo9oaZMuhFGrz17vuj2Miy,12:30:38,Fri,Survivor,3,eu-central-1,ps5,20,success,13,Survivor
MfClAdxNwFcoRGpvja2oo8WfQSjjhvc8,01:24:04,Sun,Killer,1,eu-central-1,steam,72,success,15,Killer
ZvM4KRl0zBOYeJsP0xH51Navvp7flHIo,16:02:57,Mon,Survivor,3,eu-central-1,steam,96,success,12,Survivor
GrfEKc6lsOKlJwEwOaE55DWOm4S0Nfn2,19:18:54,Sat,Survivor,1,us-east-1,ps5,16,success,19,Survivor
onWq5rLTM1AFqVf7vgEoZ1L681vpONDq,21:32:15,Sat,Survivor,2,ap-southeast-1,steam,114,success,2,Survivor
P8nCaQpul8JtPPIf1KYB6HfyXNw2GAtk,00:43:41,Sun,Survivor,2,us-west-2,ps5,84,success,14,Survivor
gyMn5WBRro2zxv3v981vlG53jqHchGEH,20:14:47,Tue,Survivor,2,us-east-1,xsx,110,success,8,Survivor
1u8lS6XOb2NNaHnxwNfoebBjem178UTm,05:47:18,Tue,Survivor,4,eu-central-1,ps5,95,success,14,Survivor
Eq9m9nWfSAn47MNdhJSencDUdMwqBZIF,05:17:04,Tue,Survivor,4,ap-southeast-1,ps5,91,success,4,Survivor
jyIL5hibeF4otkcdGRGfVuSlGWlLQW7R,15:59:56,Mon,Survivor,2,eu-central-1,ps5,90,success,3,Survivor
ImGWAKOzojVrqJSVWSE0JRch65ZxZ8AZ,19:00:35,Sun,Survivor,3,eu-central-1,xsx,86,success,14,Survivor
MHSa6KnaL0ONTEVbu7PYkcqNxutEXeEP,04:05:59,Tue,Survivor,1,us-east-1,ps5,55,success,20,Survivor
uhAGD8fPTs4gwgukEmWGbVoydAijnDPd,03:50:34,Mon,Survivor,3,us-east-1,xsx,24,success,1,Survivor
wvQ0RB04HNoHwK9FqlQnmSXJSMONkawh,12:50:07,Sun,Survivor,1,eu-central-1,ps5,19,success,4,Survivor
TC94Qlv91mcqzUvD1d5waEwZXzjQxqG1,01:08:23,Mon,Survivor,1,us-east-1,xsx,66,success,12,Survivor
BjlYckm3Mr4oxgbSXSWhJvr2wgRE0DmD,12:55:24,Mon,Survivor,2,us-west-2,ps5,3,success,4,Survivor
lQZ1IEWo2q4iWMFzQmx38ZmejjtwKbny,09:05:45,Wed,Survivor,2,us-west-2,ps5,67,success,1,Survivor
LCO7vTACFjnS0botmUYI5FXSln4Slqik,03:41:19,Mon,Killer,1,us-west-2,steam,78,success,14,Killer
O3kDixVoB0KAa4Zy9l951qp80aMeEG7o,05:10:00,Tue,Survivor,4,us-east-1,xsx,53,success,5,Survivor
FjvUvWEvRXZHwwnXEbzKHW14yDjO0Uvt,07:09:05,Thu,Survivor,4,us-west-2,egs,94,success,9,Survivor
mrmfjekqMPWshw2fxa8WiVR32UufFWr8,09:03:27,Mon,Survivor,4,ap-southeast-1,steam,58,success,18,Survivor
iVDaoac5HZebPzaNKzgRJGeAFZWnbp69,10:07:39,Sun,Survivor,2,us-east-1,ps5,98,success,10,Survivor
Zme6xUflgUtXnbaXk2iS5rns40kGVatK,08:47:51,Sat,Survivor,3,ap-southeast-1,xsx,19,success,10,Survivor
DcUtL4Dq4IcZqZhrasAKimBx1CDw46EF,08:03:31,Thu,Survivor,3,eu-central-1,steam,108,success,4,Survivor
o2dI4SIhFT6mVrx6Zd4m8uzfSesgPTQe,02:42:57,Mon,Killer,1,us-east-1,egs,36,success,11,Killer
3KPjimJqM7pvgVfHoBaNCvPA8LNnTblU,06:47:10,Mon,Killer,1,ap-southeast-1,ps5,103,success,9,Killer
jyGofeaNwRTE7Yrlco7Rni8sJQRefMWR,00:26:26,Sat,Survivor,3,eu-central-1,xsx,63,success,5,Survivor
U1rOa5vuOP8iJeKN37WwhwWPn9o9XS6b,11:11:32,Tue,Survivor,2,ap-southeast-1,ps5,68,success,15,Survivor
fuymjxmF8gmheYfntGXZEUlmYco1hzaM,16:19:30,Sat,Survivor,3,eu-central-1,xsx,48,success,16,Survivor
3mqFXBojUNxSXqJtaSCkp4Dff8LCOyIj,23:07:43,Wed,Survivor,4,us-east-1,egs,35,success,12,Survivor
y2t7K6J9sXWNMRmqb44BJFHZbOkEyGgW,10:19:48,Mon,Killer,1,us-east-1,xsx,100,success,3,Killer
zinAe4IYXB06yfVvTAR1X6JDBfA5AVtF,10:19:10,Fri,Survivor,4,us-east-1,ps5,10,success,4,Survivor
WZVrJTKC4ZP8aKgre2EOSEZyXOpvH2nT,20:07:20,Tue,Survivor,4,us-east-1,ps5,38,success,8,Survivor
sJXd9zVZwkl2vq5JbD4e7mGTGpjLNOEU,21:34:21,Tue,Survivor,3,us-west-2,xsx,82,success,7,Survivor
DGpNQUWq0iApi5P1F0u2rjnM9KZmbJuN,02:53:18,Mon,Survivor,3,ap-southeast-1,xsx,49,success,10,Survivor
FkesdqDaN98aE2gbBUBwOeCAdcd9sz9C,09:45:35,Thu,Survivor,1,eu-central-1,steam,5,success,6,Survivor
VUQ2Xn7v6VWVyzO6ZknsmGqmmlHY9CbD,08:39:52,Fri,Survivor,2,ap-southeast-1,egs,54,success,9,Survivor
tKVSG9mzfksXfzBq2ugleo1StOs4eq6C,14:55:40,Wed,Survivor,4,us-west-2,xsx,32,success,4,Survivor
wjn2n8T4Rcypo79raFYeqPYuhM9GnsfD,02:55:31,Thu,Survivor,1,ap-southeast-1,ps5,95,success,10,Survivor
d2ugOacy0JhWrQDySCmaj9xzcWPSOntK,09:10:28,Sat,Killer,1,us-west-2,xsx,72,success,9,Killer
TeaWilEpKMfVbddJ88ungZSPMpxO9DCn,19:56:27,Tue,Killer,1,eu-central-1,ps5,26,success,18,Killer
b5ksODH3qzMl7TVMLeDQCBGRRXAy3Fqg,01:40:09,Wed,Survivor,2,us-west-2,steam,30,success,15,Survivor
N2mR6QfP6adC09WW0WbeAdf15dU6f2Rf,18:17:56,Tue,Survivor,4,eu-central-1,xsx,63,success,8,Survivor
eyRg9YoLyXeBXBtqyTrgysE37okS2ORi,17:28:43,Sun,Survivor,2,us-west-2,steam,41,success,4,Survivor
hkZ1ocOpVho1dYfbSDb88q2wK3wFz3RU,19:11:19,Mon,Killer,1,eu-central-1,ps5,66,success,9,Killer
6f4RhJkWpppNHNWbagvc7pXvBW9mwOlh,13:57:34,Mon,Survivor,3,us-west-2,steam,25,success,18,Survivor
J63QpfQPbvyvk5fZL6pM3zXy8GSMq8iD,06:08:38,Tue,Killer,1,us-east-1,egs,3,success,1,Killer
CXfAjmabzSKAIg6STGU24w1gJF0kGO4A,09:39:23,Mon,Survivor,2,eu-central-1,egs,114,success,9,Survivor
r1Na8SZKXvS9CuwrC2RotCHMS7vo20Ik,17:26:53,Tue,Survivor,3,ap-southeast-1,xsx,42,success,2,Survivor
OzAhV4kT4Q0RL2OmNxX0qvVTzkFOoN9A,23:55:06,Sat,Survivor,2,us-west-2,steam,13,success,16,Survivor
HG6pVr7Hqx0CO3pGwwBLqbTrJZyMKQmG,01:02:04,Tue,Killer,1,eu-central-1,steam,34,success,15,Killer
6qCq1RcSstTuPU2od3Y66YRW2SuDWNfj,09:22:17,Fri,Survivor,1,us-west-2,steam,75,success,5,Survivor
2pJKGsSqij1kr1w1wr2INMnZPQmqFoXC,02:44:22,Tue,Survivor,1,ap-southeast-1,ps5,53,success,5,Survivor
rq2dxywTlPxCHMJA3QdhGzH2ePfvs9Sf,01:31:12,Wed,Survivor,2,us-east-1,egs,18,success,3,Survivor
VDyMUw3IpdBLBwhf1M86pXGJJCTTpJ2w,16:12:39,Wed,Survivor,1,eu-central-1,ps5,96,success,18,Survivor
x2AO5zxsuJSEslBgtKaUC01hTOU3kVxJ,13:54:59,Fri,Killer,1,eu-central-1,ps5,52,success,12,Killer
x0MKDzVpFspLeKPTg9VUXQelhAlWZd4y,21:14:23,Fri,Killer,1,us-east-1,xsx,91,success,19,Killer
FFVBNgjDv2JSGHOZHELLfqcyDQvBzSSw,22:10:36,Thu,Killer,1,us-west-2,egs,81,success,7,Killer
OPZczFWVeaHbQ6n8XNJaQ3AazgVPQ4ga,07:31:18,Sun,Survivor,2,ap-southeast-1,egs,68,success,4,Survivor
gRfNHEGr0qvoFqr6FlRhBp6uoKir9NB2,04:48:53,Fri,Survivor,3,ap-southeast-1,ps5,85,success,10,Survivor
Xi0ThM0TyDnXwXL0x4zKIgiswzaOzxEH,14:13:03,Fri,Survivor,4,us-east-1,ps5,52,success,20,Survivor
Ma5tvhtQ3AC6N2KPUg1Fz8gVZw98rMg5,14:27:54,Sun,Survivor,2,us-west-2,xsx,44,success,6,Survivor
dARRRMjBpPqdPxGYCNKGAmFDdwcACZ9N,04:21:10,Fri,Survivor,2,eu-central-1,egs,93,success,3,Survivor
c72qRUf33JcQJPbyzJLoffIT32GzOTdx,20:31:10,Tue,Survivor,1,ap-southeast-1,ps5,16,success,18,Survivor
NpI0IzLMXY8X1YXSCBu8Co0jnJj7egkY,00:47:54,Tue,Survivor,3,eu-central-1,ps5,101,success,19,Survivor
NK9J2JqiXYmjmRaVQs4Xo80fxACO4jga,00:59:36,Sun,Survivor,4,us-west-2,ps5,118,success,2,Survivor
sc2Ox8RcAqwSk72GTtxVfHMfiOsXRDk5,14:08:27,Wed,Killer,1,ap-southeast-1,xsx,45,success,2,Killer
nVDce32jRQKEMIeF3Gd0VZzHlKxg06hN,18:47:16,Mon,Survivor,1,us-east-1,xsx,21,success,9,Survivor
VCALj37DkSqdQziPy9d463TKokLpB8JU,19:59:03,Sun,Survivor,2,eu-central-1,ps5,49,success,7,Survivor
MnNKbBP1zXRMlwe3zvSOt4pkfsEwHrgW,00:13:27,Thu,Survivor,4,us-west-2,ps5,88,success,15,Survivor
5EZmmTFrenHzKAqt3I7BJA4Fm8xj3miD,13:40:00,Fri,Survivor,4,eu-central-1,egs,110,success,11,Survivor
P9eU5fOML8HPNhaUQVEMR329wTq3YPlB,10:16:18,Mon,Survivor,3,us-east-1,ps5,22,success,14,Survivor
zs7V69yt7G7ANukKD1gIEdD020A9f3AI,23:00:43,Tue,Survivor,4,us-east-1,egs,33,success,16,Survivor
5VHzP7tdgtgI2xgru59UkB9fuaPGLUSb,14:48:18,Wed,Survivor,2,us-east-1,steam,6,success,19,Survivor
U6r6fBavZpJPUuteHr2V6ELzoEJBj4MV,20:56:42,Thu,Survivor,3,us-east-1,xsx,7,success,20,Survivor
vinMDA5E3SwGJ5SE3ssE4zYZ2DQNJEtl,09:16:27,Wed,Survivor,4,eu-central-1,ps5,93,success,12,Survivor
NSngpssEESZXk9cCBPL3c4sMqGi2eN8L,07:14:14,Sun,Survivor,3,eu-central-1,egs,82,success,15,Survivor
joCJ6vfE7c0nT5SE07liAkitEEjnxMGc,00:55:44,Sat,Survivor,3,ap-southeast-1,steam,83,success,3,Survivor
4MlywoxxomCmvErwEXVuscT2auNEP41p,23:28:50,Tue,Survivor,4,eu-central-1,egs,41,success,1,Survivor
TWWH7WUdajDhM0KBvKXNRsg0ZGpF04l3,14:09:55,Sat,Survivor,4,us-east-1,egs,63,success,11,Survivor
tU2c7FsBo39iySkB8UTukwMHuNIqhuvi,22:16:10,Fri,Survivor,2,us-east-1,ps5,73,success,18,Survivor
5kuMwryLljSckXGFsZDUZ9F1oVMlnuNX,22:23:40,Sat,Survivor,1,ap-southeast-1,xsx,56,success,1,Survivor
OX9v50zQZB8Yn1ox5nfrDPNlp4HhiYNu,18:22:41,Fri,Survivor,3,eu-central-1,xsx,18,success,2,Survivor
ddSEtnJZsG016mY07XLDxYRXduYmkLWL,20:06:22,Mon,Killer,1,ap-southeast-1,egs,25,success,12,Killer
pJ6pUvjTDqni3hNwmVqacog4quEKQL9h,12:07:14,Sat,Survivor,4,eu-central-1,xsx,86,success,10,Survivor
DAyenU340zB3gu9Ul2f01Amko4V9ka54,00:51:50,Thu,Survivor,3,eu-central-1,steam,44,success,5,Survivor
vAYBij24ZogKDSLKkLqaFKampqj2ftgh,02:38:11,Fri,Killer,1,eu-central-1,xsx,104,success,10,Killer
LtgLN6inERgtlDyKL3rb3JvCaA3yQtK5,05:12:54,Sun,Survivor,1,eu-central-1,ps5,20,success,17,Survivor
Vukojtnh50YTx6fl8qlGu2KQW46ItMco,06:51:56,Mon,Survivor,2,ap-southeast-1,egs,51,success,6,Survivor
R0InzQVhj1K47TMvgKp1rhbcNy58m80Q,13:38:05,Sat,Killer,1,us-east-1,xsx,16,success,4,Killer
AOWhuIgMZ2vtbaOxJ7OynFkxtio2YXFB,12:09:24,Mon,Survivor,2,us-west-2,steam,114,success,19,Survivor
al24jaCTGllxf42hvUDA3k5K5dtbMQ8t,00:45:07,Sun,Survivor,1,ap-southeast-1,egs,119,success,5,Survivor
Wzeg1whEfvId3dkUnnYMzUTovFIM6dNM,02:59:23,Mon,Killer,1,eu-central-1,steam,107,success,14,Killer
pYOgO2IeBXTvdOVkvbMyOKgXhCIFPBqC,07:54:02,Tue,Survivor,4,eu-central-1,xsx,21,success,8,Survivor
rUrf2tyYjdcL7RHjHMNJWThQQftYhcBk,15:13:30,Sun,Survivor,3,eu-central-1,xsx,117,success,13,Survivor
ZyAUayEoZOp4UUjPAQ9A05tg8hqqmvdF,23:55:20,Thu,Survivor,4,us-east-1,ps5,92,success,2,Survivor
HTmkbHoSGUHm8htwS1ZInDBT3Qj3aLld,03:58:00,Sat,Survivor,2,us-west-2,steam,44,success,18,Survivor
Vc51vTTfORT8Y7veiPNdVIzinLV0D8wT,06:21:36,Fri,Survivor,4,eu-central-1,xsx,18,success,18,Survivor
6sI85xyrz9cdB2WFtc9aEqbxUXHLyQJi,11:20:29,Thu,Survivor,2,eu-central-1,xsx,31,success,20,Survivor
Kqmi7ip6rj6tbz3MFFvuxS28BrmZFuGc,15:24:55,Sat,Survivor,3,ap-southeast-1,egs,108,success,8,Survivor
URZiIXd8bViFqFQhCis4YZekrmcXzPIr,01:15:25,Mon,Survivor,3,us-west-2,ps5,64,success,2,Survivor
FCTENC8h5YLaoCQokjKLIVoaKQFCyOsi,13:17:54,Sat,Survivor,1,ap-southeast-1,egs,108,success,13,Survivor
4XEQANMkaM9742T4NJGhA8BDbOmJEwAy,10:24:09,Thu,Killer,1,eu-central-1,ps5,78,success,10,Killer
0py9GoDTNpJVaBDtcKY38vomS14Af2Ct,23:41:10,Wed,Killer,1,us-east-1,xsx,83,success,1,Killer
grpyjUyvdbWSxHb4jGhDjeesl1GK05d3,02:43:52,Sun,Survivor,3,us-west-2,steam,2,success,3,Survivor
nf4x9HripUUOjQzZEnMH9xbQ9GZpyXjS,05:56:31,Sat,Killer,1,eu-central-1,ps5,77,success,11,Killer
O982QYlj7tXEFDi2gkEbeeIm6UuQ6t9w,18:05:08,Mon,Survivor,1,us-west-2,egs,90,success,20,Survivor
ORbNISn2gO9B3giwtd05Tz1XlNRKmQOH,16:50:50,Sun,Survivor,4,us-west-2,egs,57,success,10,Survivor
pYzR4CjYtWtoDiJp3ejTDoWs4sqlZKSv,13:56:55,Wed,Killer,1,us-west-2,egs,20,success,4,Killer
5hroeX1NrTYAS097e6mVVfpQC0lYOB2n,16:13:51,Wed,Survivor,3,us-west-2,ps5,21,success,13,Survivor
SOsQYrgmITX8XkoYk9BWj6HTCwB2DW5y,18:46:01,Wed,Survivor,3,us-west-2,ps5,82,success,20,Survivor
336iQkFsNb4v0ZerjMlm5mcgvLYuL16x,22:55:29,Sat,Survivor,4,ap-southeast-1,steam,71,success,7,Survivor
vYulXpPNRWV4BYms4YocMI6dAFibaNeC,18:01:35,Sun,Survivor,2,us-east-1,steam,102,success,19,Survivor
XrXGyMB3657CIQtZMF5mLxIpj2ydw2oZ,01:49:33,Sun,Killer,1,us-east-1,steam,69,success,3,Killer
pgcFBI3kSFULOzUiCyRQZFCUouGVmq0I,14:01:05,Wed,Survivor,2,us-east-1,egs,64,success,16,Survivor
cIEtelRivbmt4adzY7V70ijKZgsoUXjl,15:21:59,Sat,Survivor,3,us-west-2,xsx,119,success,1,Survivor
8DLLDwcjwDVMrMdEHTtN38zfPLaGZa6U,00:36:10,Wed,Survivor,2,us-east-1,xsx,79,success,13,Survivor
O9cSnxRaB7N8xznca9FiUlAG3himWGa2,13:06:22,Tue,Survivor,4,ap-southeast-1,egs,97,success,12,Survivor
5OvljoSgCSy3D11GgQinVEKUntFqJPhd,10:25:41,Mon,Killer,1,eu-central-1,ps5,12,success,16,Killer
aP3SxAN7QOfLE9oYZd5FwXVGxvJNX3zu,07:37:35,Mon,Survivor,3,eu-central-1,ps5,70,success,17,Survivor
F5i4JfI2zKmBH5Ev93IdPWC9pzYLdOPi,04:39:27,Mon,Survivor,2,ap-southeast-1,steam,28,success,3,Survivor
jhzDEZAAw1UhU5SaFFRhsgHNPiKlujuJ,03:43:31,Sun,Survivor,2,ap-southeast-1,ps5,25,success,17,Survivor
Etdf8mMU27TAKHyu06TlZiatuRGW6GJ9,22:44:45,Thu,Killer,1,us-west-2,egs,68,success,9,Killer
d9U6CJq6yAhfz2aYhAG5GMiUG61HCyDn,13:08:20,Tue,Survivor,2,eu-central-1,egs,18,success,19,Survivor
pAIhHxLdHEqtRDYJceU8zy0wl2i6ZRke,02:20:58,Wed,Survivor,2,eu-central-1,xsx,66,success,2,Survivor
A9ZlJVN7YMBeVFuSpXbJYvaLXwR60Xgo,18:56:13,Thu,Killer,1,us-east-1,ps5,29,success,20,Killer
zP2kkAR2UbSv2fWhjciz34ObLUNf1kfn,02:22:33,Wed,Survivor,3,us-east-1,steam,61,success,8,Survivor
NiRZ01pinU9T6MggH4SUAuTXIq48Z2Z2,00:49:30,Thu,Survivor,1,us-east-1,egs,9,success,15,Survivor
H3c1KI17mBsw2qtK05aAkvrmFj1EJwYN,02:51:59,Wed,Survivor,4,ap-southeast-1,ps5,28,success,11,Survivor
Am5phdp6PAg5ZAdc8Id8cWtsosOZKGsC,20:09:20,Mon,Survivor,2,ap-southeast-1,ps5,23,success,5,Survivor
PZ5wU45utRpySwuXgy8qltX7wFzc83i6,04:12:10,Sun,Survivor,1,eu-central-1,ps5,79,success,11,Survivor
NFJxpFAAkR3yj4mKJ9x0bDrHCSEi1jM9,17:29:19,Tue,Survivor,1,eu-central-1,ps5,32,success,11,Survivor
OgLv8IDz5zT60Lsg6sErAt83SCcveb0W,05:00:00,Tue,Survivor,1,eu-central-1,steam,27,success,13,Survivor
L188DdnJ1lzOT608dA8eglpk8Fs8fOeR,23:58:49,Wed,Killer,1,us-east-1,steam,45,success,5,Killer
hriipwqiwWdb6GLporotnpGlcky0fb2k,03:35:45,Mon,Killer,1,us-east-1,steam,101,success,4,Killer
TzFJGKGmhoFfNyxpIz6TBBOAq5NidTbc,21:23:22,Sun,Survivor,3,us-east-1,egs,37,success,5,Survivor
MwjPe36EHSCaewP5cmZDkjVwx9H2Sk3c,03:15:52,Mon,Survivor,4,us-west-2,egs,29,success,20,Survivor
Pua3vbqTeXY1xV0AbVd6x3YQtUDFvlND,17:25:27,Sun,Survivor,2,us-east-1,steam,65,success,18,Survivor
VaUEJ3YEgll7czRiZuvyNHFvTvkJOKDT,22:25:04,Wed,Survivor,3,us-west-2,egs,19,success,4,Survivor
YbYsXVEGDnrW3Jjq4TCWrjmjdJxixAy8,15:09:13,Fri,Survivor,4,us-east-1,ps5,30,success,5,Survivor
mqaUeISd8Fipi4aClIfWq9LbH6UrcCr0,04:59:53,Fri,Survivor,4,ap-southeast-1,xsx,27,success,2,Survivor
3LP20FE8BnFWHTXnoimQi1uUaOK7GhAF,00:18:37,Thu,Survivor,4,us-west-2,egs,21,success,8,Survivor
erbAk6IEH2HnKfWrKpitpx6tY5kC74UF,01:08:44,Wed,Survivor,2,us-east-1,ps5,94,success,16,Survivor
B7v5AXsLgjNX3SDOyLRnlDXk9biyGNgT,06:17:14,Thu,Survivor,1,us-west-2,ps5,45,success,18,Survivor
ZK0ZBjZlraRduwglUqAHjv6JpZipDdew,00:33:07,Sat,Killer,1,us-east-1,xsx,71,success,12,Killer
FdjQWCfYPEeemFLdww1ICnUI8hyrmUV5,03:21:46,Sun,Survivor,4,ap-southeast-1,steam,33,success,9,Survivor
Hipieg2PGBmxp7vwLPkCJZDi6e3zU03W,11:32:29,Mon,Survivor,2,us-east-1,steam,70,success,10,Survivor
wLJnjHYwDjmnNexwudOWexuDUFVsCUdM,19:59:13,Tue,Survivor,4,us-east-1,xsx,75,success,18,Survivor
aifnVSRnDjt7dsAZDwjU5JxoVhqlkK5R,15:22:10,Sat,Survivor,4,ap-southeast-1,egs,80,success,20,Survivor
Gp8KmocUPTwKFLjl2llAT0hwrGmSagpp,00:59:03,Wed,Survivor,4,us-east-1,steam,55,success,11,Survivor
WUwhgBi83zf3CnVUXOd49dS7CZjxUte8,19:37:03,Sun,Survivor,2,us-east-1,egs,4,success,8,Survivor
mstiJdzobHh3nvlx6cjAQxKxT1p9foNu,19:58:03,Wed,Killer,1,us-east-1,ps5,38,success,17,Killer
EP328f8UHmqE9JZT4GLI6z4mGjS05SFM,11:53:21,Wed,Survivor,4,us-west-2,steam,110,success,14,Survivor
YiudePDmZPzlPtqhESGRqnmRW7WRNA7z,06:18:17,Mon,Survivor,4,us-west-2,ps5,88,success,20,Survivor
xBOEf52YzUVCyAbkamhpcd2VozKk9mwO,17:11:05,Tue,Survivor,4,us-west-2,ps5,110,success,1,Survivor
qjKGn6MkRXztHCVUJfGvldyj9XDWwXoD,13:09:58,Mon,Survivor,4,us-east-1,ps5,9,success,3,Survivor
rb16OR3oebmgale2c9KABbFICgmciFYf,05:24:27,Sat,Survivor,2,us-east-1,ps5,18,success,19,Survivor
sOUrs5dp8VC8apiINK7DdNsBIFc2oHjv,17:15:37,Mon,Survivor,2,us-east-1,ps5,90,success,8,Survivor
AM0LZwnn6RPyvZG69mPZm7x07bhby0mZ,07:21:40,Mon,Survivor,3,eu-central-1,steam,61,success,3,Survivor
PPpifmp1hyD0LGu5yNJt3Cr7feybfxdN,21:50:21,Mon,Survivor,3,us-east-1,ps5,95,success,7,Survivor
1g6PeHqwBtfeFcyWl8VE6L9j3xZwluGX,07:19:41,Thu,Survivor,4,us-west-2,xsx,106,success,16,Survivor
l9aQDnaVkgmFA3hg0SFCxJJa3dhe3ge8,13:44:25,Wed,Survivor,3,us-east-1,egs,78,success,10,Survivor
FeukTFrT7TryeUdp6p9ihcByaO2rXVNv,00:06:27,Thu,Survivor,1,ap-southeast-1,steam,53,success,12,Survivor
q0wSIHGwRMdOszg36Qm3aGxKIxbb0BSx,20:16:38,Fri,Survivor,3,eu-central-1,steam,80,success,14,Survivor
3TzbLBZJhYiX0Papjjou5TJXiGls5SNr,06:28:08,Sat,Survivor,4,us-west-2,egs,70,success,8,Survivor
Hdp6KU5av4BiTS2bSeKKWV4nXtb84fLJ,01:26:26,Sun,Survivor,3,us-east-1,egs,100,success,16,Survivor
rGcc6eFJWWYGnuteBmt24nSlgVPwYlY9,09:35:14,Sat,Survivor,2,ap-southeast-1,ps5,33,success,1,Survivor
HJ27PgxlAXprviw8bvaC13SyzlCjXybE,17:21:50,Thu,Survivor,2,eu-central-1,xsx,1,success,4,Survivor
rAeRTQXt6dJzfChSux0yCNHcFdcgpgN4,11:43:39,Sat,Survivor,4,ap-southeast-1,steam,119,success,8,Survivor
BQXZq0j84MQ6EBOrPMOUIW2RL0K2DlJ2,13:23:50,Sat,Killer,1,us-west-2,ps5,88,success,6,Killer
D7ydL0fUzLwxJT5rs7roT787nnJLkRR7,10:45:33,Wed,Survivor,1,eu-central-1,egs,17,success,15,Survivor
Wnk6qkyOcD5RZEj4TKdWRqJfd2uknmSk,08:12:53,Sun,Killer,1,eu-central-1,steam,3,success,7,Killer
T9k3VY1LGdzeXUimlN6zpv00AfUxsI3t,06:42:47,Thu,Killer,1,us-east-1,steam,93,success,13,Killer
gHVJYsbH2ZJwwYFg0hb7McrSqdoqlfSE,14:08:43,Fri,Survivor,1,us-west-2,ps5,79,success,1,Survivor
dosybuy3HgFhTxH1PleJDlLgwAF6l7bd,20:22:00,Sat,Survivor,3,eu-central-1,xsx,109,success,8,Survivor
w2JvPqDX3omos53EIyDxlv3fM5UHsfr8,10:33:44,Tue,Survivor,4,us-west-2,xsx,26,success,2,Survivor
fx1iVg4g75PZhlbcNkBUjiuvzgYeaAut,02:32:49,Mon,Survivor,2,eu-central-1,steam,23,success,14,Survivor
R9d8TYgjYhg4CYGehHDdXM6UiHuOisjs,07:11:53,Sun,Survivor,3,us-east-1,egs,100,success,20,Survivor
jSa372nJRaJAXcUthOl5Cisme73J1QYA,10:21:52,Sat,Killer,1,us-east-1,egs,91,success,16,Killer
FFKccyXYDzjW1C5VYftFqMLT6VYH0rwF,07:01:09,Sun,Survivor,3,ap-southeast-1,ps5,21,success,17,Survivor
Mxl69twD1RZWHyWxMyGELerF3B7X0wXW,05:59:12,Wed,Killer,1,eu-central-1,ps5,102,success,2,Killer
f51fIRSgFqO664tpVpGUfCUGSHFEF9tW,20:36:01,Tue,Killer,1,us-west-2,ps5,69,success,2,Killer
FJ5ghei3McINQEZovQPcI0RRXTX3Rkrr,10:26:44,Thu,Survivor,2,ap-southeast-1,ps5,75,success,5,Survivor
164rPJGcSxDlBoLskZiVv23BIL3Ggjlk,18:52:02,Tue,Killer,1,us-west-2,steam,42,success,9,Killer
EuzDy2RKYKrDHu9M9gaQxxUcIKzjr6bA,14:40:04,Mon,Survivor,2,ap-southeast-1,egs,44,success,6,Survivor
4bPidPpG7nPqIQK0but5bEvB4XoLdQ7z,19:31:08,Sun,Killer,1,ap-southeast-1,xsx,16,success,5,Killer
EQtZSAa0gd2C5i7X2jFLshwPSvQ3LVrx,09:07:56,Sun,Survivor,1,ap-southeast-1,steam,113,success,14,Survivor
S0viv0n89YOmbBfaFAczbxr36Z7YpXuO,06:05:28,Sat,Survivor,1,eu-central-1,xsx,0,played_cancelled,12,Survivor
rRrXaV4ZuP8M6C3yDi0PyeoOm8DyClGH,03:48:57,Mon,Survivor,4,us-west-2,egs,86,success,18,Survivor
lXbDuUcFJyeSoZhxXOJhtN9NxgBWqfYY,14:09:34,Wed,Survivor,3,us-west-2,ps5,84,success,7,Survivor
4sLBFNDGl9KB1vX7pMxeVVJBx6frpjYb,22:48:19,Tue,Survivor,3,us-west-2,ps5,40,success,2,Survivor
ToQujLzh7tdof3y8WnnWKIj5FcvfOwiM,10:47:54,Thu,Survivor,2,ap-southeast-1,steam,100,success,14,Survivor
QxuHl8Q3MxOx0rrE1ilf4JupDJvANjFt,17:03:01,Tue,Survivor,3,us-east-1,steam,89,success,17,Survivor
kkh2I0LdYTJELPgIjMcIuwTYabG4WncB,21:51:50,Mon,Survivor,2,us-west-2,steam,28,success,16,Survivor
APOfMtbv9D0dFbDP7GmYWzzN7V1uiwHl,14:50:59,Tue,Survivor,1,us-east-1,xsx,118,success,13,Survivor
rEqLKHyukljMGM1cQcZnitf8AA6sxTPw,00:13:07,Fri,Survivor,4,us-west-2,steam,39,success,11,Survivor
hOUxEJttBHiP4VkJsemGnS1qxGTdI4OR,05:16:59,Thu,Survivor,3,ap-southeast-1,steam,6,success,8,Survivor
9Nuw1byfwCsSOgyOBj7Mwr86CapyRtfq,00:47:49,Tue,Killer,1,us-east-1,ps5,6,success,5,Killer
oR1ArLNdkVzy7rLE3MUPWtwlc4rx4Omg,05:25:08,Wed,Survivor,3,us-west-2,ps5,71,success,18,Survivor
LlBvzkmHQ9PYApDjSIcWiQvYpZbpuecv,04:06:19,Sat,Killer,1,us-west-2,egs,53,success,9,Killer
60CiT8YStITmgBwKkN3Vx7IL46IDMvKb,07:28:47,Mon,Survivor,2,us-west-2,xsx,26,success,7,Survivor
k3mZzTtK63VO4kSPnxtscsfJ8eH18jFs,21:20:03,Sat,Survivor,3,us-east-1,xsx,14,success,3,Survivor
Qf7JHujyWkLlYyaq1CJZIgbvPGg2UJJc,15:26:17,Tue,Survivor,4,us-east-1,ps5,85,success,14,Survivor
LmQCZ38HPueeFOOjuvgXHi0Gh7oLeXBS,20:50:36,Thu,Survivor,4,us-west-2,steam,108,success,4,Survivor
rQ1ndvzl05mxi1hA5fFVJZktgoQCzBm6,20:44:08,Tue,Killer,1,eu-central-1,steam,9,success,20,Killer
nX5hy2qPpCBCqRQLL2Q3q2sur7OGTtp7,04:09:29,Fri,Survivor,2,us-west-2,steam,107,success,7,Survivor
ycbbkzhS9VFrWKdLNDYjBenDUOXx8ZBb,07:21:28,Tue,Killer,1,us-west-2,xsx,98,success,7,Killer
xlccp6oUNbiiOiaOlcv21qIwXXduOVjA,04:36:40,Wed,Survivor,2,ap-southeast-1,steam,36,success,2,Survivor
Jcm1tVUy8SoVjXbgJfAPsQOD3krtTXR3,16:10:26,Sun,Survivor,3,ap-southeast-1,ps5,35,success,5,Survivor
dBSZtnv6zM5PxUWdZO1hPFoZRjjoWjqB,23:34:46,Wed,Killer,1,ap-southeast-1,ps5,33,success,13,Killer
k48JlfAG9qvUHgH7xg1kmduPUijDW5eB,23:04:35,Sat,Killer,1,us-east-1,steam,50,success,11,Killer
W8ElYwAy0Ik4vFnWI16ZvPFHbjUMTpbQ,00:03:48,Fri,Killer,1,us-east-1,ps5,68,success,1,Killer
eIrglzGdbpg1OU0vKegV7mymKGyoZcvR,09:33:48,Sat,Survivor,2,eu-central-1,ps5,93,success,4,Survivor
ukRRjs1plnegvQ8Zpb4iY6iv37OgWZn1,21:01:04,Sat,Killer,1,us-west-2,steam,30,success,8,Killer
foGKQ1d4JjCiK8TM60Ss435BzPO94wPd,04:44:41,Tue,Survivor,3,ap-southeast-1,xsx,19,success,10,Survivor
9g730HrqabfJeHLi3ijYdvGo5w75fzVy,11:10:07,Sun,Survivor,4,eu-central-1,ps5,55,success,16,Survivor
SHNM4XjMY7x0GiKeSzTY9Hci5KTKfZaf,06:52:08,Sun,Killer,1,us-west-2,xsx,20,success,16,Killer
KZFY8XbHgiN8Kw4vCyelE7sKYif95oZl,05:16:46,Wed,Survivor,1,us-east-1,steam,99,success,13,Survivor
cghlpn26QVOkXv0edoMPAMXLYYcPsC7Z,00:54:52,Fri,Survivor,2,eu-central-1,egs,101,success,18,Survivor
OxKosf5ccOkvivdrRX1kl0p6PHhcaMLJ,14:19:18,Sat,Killer,1,eu-central-1,xsx,56,success,18,Killer
ksrE7CHRvI8O6IVm0xYeHdkezbhAUB9F,08:16:35,Mon,Survivor,2,us-west-2,egs,111,success,17,Survivor
a6zPGga91BP7YxvIwIy4h0XhFXTbs6zt,14:52:14,Sat,Killer,1,us-east-1,ps5,98,success,17,Killer
LpnItsZkwmYD7LShAwbtX1v4YMZX7VEn,12:14:31,Sat,Survivor,4,us-east-1,ps5,71,success,8,Survivor
OilDjKT075lvf3umV0hT3LKSqGXFuzTs,20:11:42,Fri,Killer,1,us-west-2,egs,113,success,20,Killer
MEh9lrCt6JlCWkntpEK2EixV3pvzQHrs,05:01:01,Wed,Killer,1,eu-central-1,steam,2,success,5,Killer
gD14zBlbt9rmGiCF6tn4CnyWNQVCV0R1,15:11:07,Thu,Killer,1,us-west-2,ps5,9,success,19,Killer
OmttBYG2J6pnbXnB9iwIuIcxWzH0P2FD,13:13:44,Sun,Killer,1,us-west-2,steam,60,success,15,Killer
9Oh3IzWhq6ceWZrdbltG9OwWUeXhoTgr,23:06:12,Mon,Survivor,2,ap-southeast-1,xsx,103,success,18,Survivor
xNms5MKYapwTMp5zeLeHY2JiDDOSQCtp,09:15:36,Wed,Survivor,3,ap-southeast-1,egs,51,success,2,Survivor
69KADpcKnEsnN5hMyujHdZOxWbkpTJda,15:36:04,Thu,Survivor,4,us-west-2,xsx,30,success,11,Survivor
m9UqlcvybD8ZjZGgIJUIWXswGBI1KMUF,01:51:12,Tue,Survivor,4,eu-central-1,xsx,36,success,10,Survivor
BzljHvRFMD4uJcF96nD38WLqXKv4UDtk,12:53:19,Sun,Survivor,1,us-west-2,steam,75,success,15,Survivor
HJMm8lDwgJoxbjyUyLOQLfPPH24r7j0d,05:17:29,Mon,Survivor,2,eu-central-1,steam,11,success,1,Survivor
dtOOJXapvH9iZhIkH8X4qdrGvsHYRiSM,15:51:32,Fri,Survivor,1,us-west-2,egs,63,success,4,Survivor
LT1NAVF4wOZUDd1NqoyzinM4akio5QoA,16:50:16,Sun,Survivor,3,eu-central-1,ps5,73,success,13,Survivor
EwnyZR0Zf8vjjyXzrFyrokSot997l7be,00:43:59,Tue,Survivor,2,us-west-2,steam,82,success,14,Survivor
TdmbGo0w5PcwIakwJaNRu3oBiifH8L5F,18:32:45,Tue,Killer,1,ap-southeast-1,ps5,46,success,9,Killer
kLo6jUm8HNRr8wq03MvUD2UJwGDxk3vi,20:11:11,Mon,Survivor,2,us-east-1,egs,44,success,11,Survivor
LjpqD2wwOYZHS4QWuGJizMuIyqPpowr2,00:35:08,Thu,Survivor,2,ap-southeast-1,egs,74,success,16,Survivor
n07KK6OP9MLRndx5mdvG8NoCCbwdngO8,13:24:39,Fri,Survivor,4,eu-central-1,egs,85,success,16,Survivor
HlaDVKBpjOof94Lr1XwY4f5I3pPhBk4i,13:33:42,Fri,Survivor,3,eu-central-1,xsx,71,success,3,Survivor
qTT3EfiQhYupC3E4P9MwxLYNY12MBA1T,09:34:24,Tue,Killer,1,eu-central-1,steam,37,success,4,Killer
dualf6VqC2zhr7p5ad1dvYO3xqaMTsOA,08:10:50,Mon,Survivor,1,eu-central-1,xsx,9,success,10,Survivor
fNnnaFlha0MVuXWev9Y0ghcNZfazllVF,17:22:42,Sun,Survivor,4,us-west-2,xsx,20,success,13,Survivor
FLtGuFo0j4QwN6QUyPVyBMl0CusuXj0p,04:56:58,Tue,Killer,1,eu-central-1,steam,99,success,18,Killer
9LgJx0DKnrnxXe3hacu3v5nwYn2S6tI1,15:26:26,Sat,Killer,1,ap-southeast-1,xsx,112,success,2,Killer
Zd3AOsNTU5ZSKLK4RXqPfPBLDcXgBTXW,18:28:00,Sat,Survivor,3,ap-southeast-1,egs,57,success,9,Survivor
BCFhoHAQc2a35SGZi1MqiCLs6Bpx6QtF,11:12:04,Mon,Survivor,3,us-east-1,ps5,10,success,3,Survivor
6II1NMZ53uClFdSDUdrgJPpdfpTfAhgF,08:15:50,Fri,Killer,1,us-west-2,xsx,61,success,2,Killer
bwn9sNK6LiQouJO7liRh0U58eT7s7JD7,15:02:01,Mon,Survivor,4,eu-central-1,steam,47,success,12,Survivor
uOdcnqbnRwZEsDIymEqBQDeg2ylxA3z3,18:51:21,Wed,Survivor,1,us-east-1,xsx,29,success,7,Survivor
Yu5XnmjNURpTuSLZTrnihT2ukhyfn5xO,01:11:50,Mon,Survivor,4,us-west-2,egs,3,success,20,Survivor
u2aNpmYlCJLr6TBFLR6WZbiQ1E58cnCN,12:11:50,Mon,Survivor,1,eu-central-1,ps5,37,success,3,Survivor
ariV9V9KbbPn3QlrIPxCtbinFbWzJL33,21:35:12,Sun,Killer,1,eu-central-1,steam,28,success,16,Killer
kB3yn2XJ5eB7COLEQquhh0KlbHd9wl9f,22:58:40,Wed,Killer,1,us-west-2,steam,57,success,12,Killer
Bgchwbq9BVW2usgzrPTvqhXn3SUdGMKR,14:06:19,Mon,Survivor,1,us-west-2,egs,70,success,4,Survivor
OAI2MrBBcjq16lwRqIuDh8HZ3V0LkPSy,14:01:40,Tue,Survivor,3,ap-southeast-1,xsx,4,success,6,Survivor
WWjwq1KrqEqtKDu5xCO3X2fwFuZpLczx,22:06:27,Mon,Survivor,3,us-west-2,xsx,25,success,18,Survivor
iS72stdEaNymU0UaLZEQXe31QqX3J8aN,03:32:50,Wed,Survivor,4,us-east-1,xsx,1,success,11,Survivor
UGkWwl3pA0sZxGUHyomEDpECKutIteLM,04:16:38,Tue,Survivor,3,eu-central-1,xsx,53,success,19,Survivor
x3qoASKWvo81KcMS2TgTrO4G5k8i4uLK,10:38:10,Fri,Survivor,1,us-east-1,xsx,118,success,3,Survivor
DvaIGPII8626JVTBhjlGgmkluuAIyCcu,02:40:57,Tue,Survivor,2,us-east-1,steam,104,success,2,Survivor
owC3eX3lwCI4CNSg9rzhuM6iQRgx5XOb,23:04:11,Sat,Killer,1,us-east-1,ps5,39,success,13,Killer
9I73jfQgc2t3XOEbuQnzWxhGpYw03P4s,06:35:10,Thu,Survivor,4,ap-southeast-1,ps5,30,success,2,Survivor
dqISBqdDr2GkQJUV7yFhNGdzJ41XVdAR,02:48:13,Sun,Survivor,3,eu-central-1,steam,62,success,7,Survivor
ukh8PbGwi5rLCALNyURzy8zIZfWj8UCN,06:37:23,Sat,Survivor,2,us-west-2,xsx,68,success,15,Survivor
pD0kZ6eMEgwECfPDGj7lttPwuK5t7iwD,22:28:20,Sat,Survivor,4,ap-southeast-1,ps5,48,success,4,Survivor
5Xs4jBlHeINhUEPJbeamvajbY2Sz1drS,09:55:50,Sun,Survivor,1,eu-central-1,steam,46,success,3,Survivor
7KroWap1ig3HFbzmiYD6lSqc44Bz1hkP,17:04:30,Sat,Survivor,3,ap-southeast-1,egs,67,success,7,Survivor
YDSuTgkLLu4MYhutqxNKLTsy09GIkXUm,11:17:49,Sat,Killer,1,eu-central-1,ps5,42,success,18,Killer
FzYK4aAPqjawVwa2zVnApagZZ7pN5H9K,08:49:52,Mon,Killer,1,eu-central-1,egs,10,success,6,Killer
8ccU1H1BwswC2hdyI1MW51lox0P5YZMG,04:09:39,Mon,Survivor,1,ap-southeast-1,ps5,27,success,18,Survivor
FNrsgtHPXYOslvj7n7C1lipPda3QkMPQ,14:37:35,Tue,Killer,1,us-east-1,ps5,44,success,19,Killer
8nF7mDyMxSje1184jDJB41798abfVNgb,09:42:31,Sun,Survivor,4,ap-southeast-1,steam,26,success,12,Survivor
fxTDZ4UDADqryZ8buuQJqbmxeE1H0Js3,14:52:57,Tue,Survivor,1,us-east-1,xsx,67,success,8,Survivor
IR1jh2F14Bq1Il12yhlf0iBE88KvaAyL,17:06:38,Mon,Killer,1,us-east-1,xsx,54,success,10,Killer
RWVu6xevkSDCqZsIe4lcNBZPkpDlqYRw,15:16:38,Sat,Survivor,4,ap-southeast-1,xsx,10,success,18,Survivor
Hg5vnZtRowEGNblfQyQTVLjtBrYGEaAK,20:44:06,Sat,Survivor,4,eu-central-1,ps5,70,success,16,Survivor
hl8PLzLENSZMWlHXabdrFa4xXQY181Zv,06:50:47,Thu,Killer,1,us-east-1,steam,47,success,2,Killer
cxqWMUJ8SqSteYX43f4y9KIUu6QRAQ8b,08:33:37,Sun,Survivor,3,ap-southeast-1,ps5,5,success,20,Survivor
3pBnant3U7zXyxamGHckTMNh8lIUBLo8,04:14:32,Wed,Survivor,4,us-west-2,steam,46,success,7,Survivor
uJUFw46j415qnIxajEO9pSMHnragbemB,04:32:15,Sun,Survivor,4,eu-central-1,ps5,35,success,17,Survivor
yd7XsuMxJ2i6gQIjduHVRufgZ1WUgXjg,23:57:35,Mon,Survivor,2,us-east-1,xsx,20,success,4,Survivor
rnBeXczQHn4G7iJVllAySkGrrhi0xE2f,22:27:13,Sun,Survivor,1,ap-southeast-1,ps5,30,success,13,Survivor
y9n9IdbD77HjyfnxVn73ErHjBurznEeA,18:04:24,Wed,Survivor,3,us-west-2,steam,9,success,16,Survivor
h5nfV0OHMY8Falbvb8bXgB3GHZy5ROIY,16:07:37,Mon,Survivor,4,eu-central-1,steam,47,success,20,Survivor
FwnNbIfSSFKrlcwGGuS7Gi4TI1A1JjLu,13:46:00,Fri,Survivor,2,eu-central-1,xsx,91,success,17,Survivor
6O0N4piztDjDJamEejrdauqozqO9HLZg,13:36:58,Wed,Survivor,2,us-west-2,xsx,56,success,15,Survivor
xSwejsrMrhSVSjEpkSeTJgCglNlgBbHl,09:18:35,Thu,Survivor,1,eu-central-1,egs,114,success,1,Survivor
aIkuEuaB0TVjqHsVSzeFbTssjUn2VG2R,12:11:01,Sat,Survivor,3,us-east-1,xsx,96,success,16,Survivor
sWfVG0y0WkHy7bUZtNsPkvv5BXkmkYut,05:18:40,Sun,Survivor,4,us-west-2,xsx,82,success,15,Survivor
7tce97HUpqAahdKQzhmsnecAfAUZS8JQ,12:14:54,Thu,Survivor,2,eu-central-1,xsx,111,success,18,Survivor
oIyEsePsPjOyoYlUIfFjNqDn5uM1RCiv,19:44:00,Sun,Killer,1,us-west-2,ps5,113,success,18,Killer
UPsoDNRnvTmY9GcBSExioiCSCYxnIzR1,10:03:26,Sun,Survivor,2,ap-southeast-1,steam,51,success,5,Survivor
pMcOZi8sneaGh3qJEeMgkPKaknhKmlfH,00:26:53,Fri,Killer,1,us-west-2,ps5,80,success,9,Killer
TIfRyCuL90dYyP6NkCHSvGkY97HEoGlC,02:30:51,Thu,Survivor,1,eu-central-1,egs,99,success,20,Survivor
hdc2WZdWbx50v1akDyDE36VXyzpXMAe6,10:19:19,Wed,Survivor,1,us-west-2,steam,38,success,6,Survivor
7t6zegWPwWZWm23krKKuaPNaQnbEBJcv,03:20:52,Sat,Survivor,2,us-east-1,ps5,107,success,3,Survivor
zv9HtrsOoGC8WjvmISp9eQCYzF7Mmzcd,06:02:57,Thu,Survivor,4,us-east-1,xsx,70,success,20,Survivor
erF6z6qvVelgkAzBIRzTtyXDQ71CPZcR,03:34:58,Mon,Survivor,1,eu-central-1,xsx,20,success,3,Survivor
zKUnhqAAYBkOwQ3nCNvaO1JYPCniKbbS,21:06:08,Tue,Killer,1,us-west-2,ps5,45,success,15,Killer
Wky7mfLyznKVpihp1nh8PNdzgX7o1IIN,09:57:39,Sun,Survivor,2,us-west-2,egs,81,success,7,Survivor
ZxDTkv4PfY9P5u4EQTv9gXJ2ySNOrJL6,20:24:08,Sat,Survivor,3,ap-southeast-1,steam,51,success,7,Survivor
RI8JLgY0TXlsrcE5X7rCw37LlpPiw4KW,19:34:21,Tue,Survivor,2,eu-central-1,ps5,13,success,6,Survivor
NaUBgLP3Zu3OdzHUEQkFFwL9RXg0mde0,22:31:03,Wed,Survivor,2,us-west-2,egs,98,success,11,Survivor
UwtefqkLMeSMdWIUXmw54EX3aHQ6dn4M,10:37:05,Fri,Survivor,4,ap-southeast-1,ps5,91,success,16,Survivor
Qcmf2QXxvVE8iTVVQjjWWz9hOjoqtpac,07:20:00,Wed,Survivor,4,eu-central-1,egs,16,success,1,Survivor
cCJKiM5WZsd3q1pDJPcpF5fxBTWH6yo5,14:48:43,Mon,Survivor,3,eu-central-1,steam,78,success,18,Survivor
VjQmRHDx9DJzzsW5n9p1XElv0Z9tPjhz,00:41:05,Sat,Survivor,2,ap-southeast-1,xsx,76,success,13,Survivor
AFXjiEtTaasnC7UNMdIiMpqRhLLph0vF,15:27:29,Wed,Survivor,2,ap-southeast-1,ps5,8,success,6,Survivor
uZy1mdtgTl7Oids21aClDXDlNSIofKXf,10:21:41,Fri,Survivor,2,eu-central-1,egs,51,success,11,Survivor
ZqgimV8IF7V3Hu3VOEVf5CfNx7Y2uugR,19:40:40,Fri,Killer,1,eu-central-1,steam,83,success,14,Killer
kjLIBK5AxDAfa5NT2DRF4oAVTbheyQDQ,03:37:11,Sat,Survivor,3,us-west-2,xsx,77,success,15,Survivor
OsKPd7efSiY7EXdyqJ6SJ4jgEUHnMgLo,23:51:32,Sun,Survivor,1,us-west-2,xsx,37,success,8,Survivor
NithL0OdYWrb2egfykETcgCdBjJ6p0hM,03:45:51,Thu,Survivor,1,eu-central-1,ps5,90,success,9,Survivor
XfoBF02pZd0Npg7Dn5WcCD0qJN1zMQBk,10:32:57,Sat,Survivor,1,us-east-1,egs,119,success,8,Survivor
GeMNzkowhbKCuCD837X1CLAJ3OAj8Xrw,02:32:20,Tue,Survivor,1,ap-southeast-1,ps5,101,success,6,Survivor
YRsmk87IE6RVCNzMklUJV0U4VKdPC1xf,08:37:44,Sun,Killer,1,eu-central-1,ps5,64,success,8,Killer
yJpcPMbLargCzfEhJVLcsswrRvQSVWpA,00:13:30,Thu,Survivor,3,eu-central-1,xsx,39,success,2,Survivor
ExGrslhcTTMVD3XyU78Yws3VH5hWbu7o,20:55:36,Sat,Survivor,4,eu-central-1,ps5,20,success,10,Survivor
d6WVXJRJSH1hsDEsQSNewTT7dnLvJrte,02:08:11,Mon,Survivor,2,ap-southeast-1,steam,4,success,6,Survivor
3hTAWkbo4k6uzaE9QeJPpZM1DbCphsab,10:26:27,Wed,Killer,1,us-west-2,steam,18,success,18,Killer
04xmxKGqxYvhzOF3hBlxHTX6i6Uz5v1i,23:36:00,Fri,Killer,1,ap-southeast-1,egs,68,success,7,Killer
lKSknkXhdZUvDhXwzJOXkdYJyGinW49K,20:12:33,Sun,Survivor,1,ap-southeast-1,ps5,11,success,7,Survivor
Ct4d5obRy61aKBzSm48MRZ64GkId08oi,22:02:22,Fri,Survivor,3,us-west-2,steam,98,success,19,Survivor
fBRatMElgtMdSLsarHL41erpv7Z7uKFH,23:59:39,Mon,Survivor,2,ap-southeast-1,steam,14,success,10,Survivor
YZDfs29uO3ecvLOv4TYujjEpsHQh3TKQ,07:54:48,Sun,Survivor,2,ap-southeast-1,steam,17,success,20,Survivor
NXQEDN2setMoheooit21jD6ZHi2I8hJB,03:44:55,Fri,Survivor,4,us-west-2,xsx,85,success,1,Survivor
NHsLaTsbIlsXFufbnzbomlQjiPrhReLK,21:34:24,Sat,Survivor,4,eu-central-1,steam,97,success,16,Survivor
O3vcBFZfZ0YDTkiHFoUPrXDc46Exai6F,23:31:52,Thu,Survivor,3,ap-southeast-1,egs,55,success,17,Survivor
7o2hUWDxJC1kHmOLnXMiC2zrK3l87zax,17:28:09,Mon,Killer,1,us-east-1,steam,21,success,14,Killer
AjdwKOqAuTnateTlXnbMfnBHNnYEkOIQ,00:21:19,Sun,Survivor,1,us-east-1,xsx,18,success,6,Survivor
nCEemUWQu1Bo99wXn2J8Y43SpLIPGZVY,13:40:00,Thu,Survivor,2,eu-central-1,egs,58,success,16,Survivor
KQ12FXxsdt5geO7ElYgV38y2hur667HH,04:20:42,Wed,Survivor,3,ap-southeast-1,steam,63,success,13,Survivor
ShKR1L296jYZ4UZlFfs1kAhlPP427w2H,17:58:06,Tue,Survivor,1,ap-southeast-1,xsx,91,success,14,Survivor
3Xh3pcrxNVzKksFI306rjhKTBIKyr0lX,12:01:39,Fri,Survivor,4,us-east-1,ps5,48,success,13,Survivor
7oIzvpveNk7B6L71JVVpgsQwU5iVCZCr,15:42:12,Wed,Killer,1,eu-central-1,egs,88,success,2,Killer
grRzoxnIkDtkAKih0kjmwu8eU2Q2jBlg,06:08:24,Fri,Survivor,3,eu-central-1,egs,53,success,4,Survivor
oaQk9TETD9lrShO886ASgUTcZHm6hXDD,07:18:32,Sun,Survivor,4,ap-southeast-1,ps5,11,success,4,Survivor
hoIMMvkWKdMXc6FGsVDRg4UYNVCy4oQc,15:11:23,Sat,Survivor,3,us-west-2,egs,95,success,15,Survivor
PUpMoXm5erSQICMsRuednDZHBZO5jYwm,01:43:22,Tue,Survivor,2,us-east-1,ps5,80,success,6,Survivor
Q6vIAibmH6K1mB4Pt7nXUq8tQAVTt4UP,01:22:23,Fri,Survivor,4,ap-southeast-1,ps5,64,success,19,Survivor
URgmXsuBuRx8n4JKUdSPhCnP44527zKY,10:27:00,Wed,Killer,1,us-west-2,egs,29,success,4,Killer
TUEjDMROZUqhqHcH67qXB69sfFcwWsER,08:27:10,Fri,Survivor,1,us-east-1,steam,24,success,12,Survivor
hIfikd7RndjH53kw6k7ikSofb3O77dsm,21:24:23,Tue,Killer,1,us-west-2,xsx,56,success,8,Killer
9atGYeX1McnuDBPKmk1hIISJE7cZjBaj,04:04:06,Fri,Survivor,4,eu-central-1,egs,117,success,10,Survivor
y3D2ZBWXVWpvMXYOoLBLRfurkZD6VuAp,20:27:07,Tue,Survivor,1,us-east-1,egs,51,success,12,Survivor
iiUd7p5DgWDBbYDo3bvWqbTEuCXKGnuU,00:10:18,Wed,Survivor,2,us-west-2,xsx,27,success,6,Survivor
gAVdC3eAUE6nYw1F2AHvRvHkTBF5LdLx,11:52:08,Sun,Killer,1,us-west-2,steam,5,success,11,Killer
pnXUsaYmyFRLyMKhdmE2Fi7xvIpuiJx8,03:44:42,Mon,Survivor,2,ap-southeast-1,steam,90,success,16,Survivor
NCGzworYczAo3qHTnVhm3S9PrMCklK3d,03:45:29,Wed,Survivor,2,eu-central-1,ps5,76,success,11,Survivor
cSYFB16LhQZeJBt5b6c6KKfQjgpdlbNi,07:31:20,Sat,Survivor,4,eu-central-1,egs,69,success,13,Survivor
HD6OUEpEJpUCUCJf64tlqSPC6bzvT9Xh,11:12:45,Wed,Survivor,4,ap-southeast-1,xsx,2,success,19,Survivor
A1rnFT9MIJRj9F3yPKy3w9kOBUljCb7b,21:55:18,Tue,Survivor,3,us-east-1,steam,108,success,7,Survivor
spVvuuQb745wYI27tGOA4A9uHXCSHjLj,00:39:54,Tue,Survivor,3,ap-southeast-1,egs,103,success,19,Survivor
6OmL92aXs87CWHW9XrVwBhHJlnXN7mH1,21:57:06,Wed,Survivor,1,eu-central-1,xsx,10,success,16,Survivor
C2Vo9xvLdCgTM5x0EaN3r9KSO8dLQbEm,17:52:41,Thu,Killer,1,eu-central-1,steam,114,success,1,Killer
jt8SHAd1TxZejBTqkpZcH5ChO0OaKw5S,14:04:18,Sun,Survivor,1,eu-central-1,xsx,83,success,15,Survivor
dvtqutsvsUEhicBg0DwoFKh7JVyRGrYl,09:13:14,Fri,Survivor,4,us-west-2,steam,76,success,10,Survivor
8xeFhaFwT2MaxZjPBC5TgmLw2J1Bl50v,14:00:14,Mon,Survivor,2,us-east-1,xsx,93,success,19,Survivor
QOXrkdJsKnUrTRanUgCgIlvZzzWgtPvT,11:52:22,Fri,Killer,1,ap-southeast-1,ps5,112,success,19,Killer
E0lXvAjplIQH4F6iUEEewvLOFy3TeaTE,16:06:23,Tue,Survivor,4,us-east-1,egs,95,success,8,Survivor
Cvp5oImlaYyccIiUe6Pte4SjLfn34Nnp,17:58:01,Thu,Survivor,4,ap-southeast-1,steam,11,success,9,Survivor
YoTO1RUcTjVIWzFj5gkcLroUzPAMwqfR,02:37:55,Wed,Survivor,3,eu-central-1,ps5,94,success,15,Survivor
DKnUmbeNhCkr2CpfkLTs01MwtcM2KhkN,19:52:39,Wed,Survivor,3,ap-southeast-1,egs,10,success,15,Survivor
f7ryIP8ieISPLFAxexsmeeSWD5gj6pbV,10:32:35,Tue,Killer,1,us-west-2,xsx,14,success,19,Killer
b8jNvJVchOZDAKwEbsAdUpjCxm6KpLtu,14:44:26,Thu,Survivor,1,eu-central-1,xsx,43,success,18,Survivor
V8cnzIXSiLOkskLBEZt4ZkRfMut69sB9,09:31:11,Tue,Survivor,2,us-west-2,egs,54,success,14,Survivor
GNqkBsMkfllphSFdCj5rHvFNvrvCZAGr,22:06:15,Fri,Survivor,3,us-east-1,xsx,70,success,15,Survivor
SWsAi7NezgY2ITVEL3w5muEL3u9WOzvC,23:04:12,Sat,Survivor,1,eu-central-1,steam,90,success,18,Survivor
ABJ0Gncax5TsKdxvVXSBqGjxyDMl3GqX,12:36:43,Thu,Survivor,3,eu-central-1,steam,33,success,1,Survivor
DAoaic6zhyblkfCQRT4iQgWRLvU5FeDC,16:25:28,Mon,Survivor,1,ap-southeast-1,ps5,49,success,5,Survivor
MewM64VgPEe6A5krAcqVdn3ZxgfIoywb,22:32:51,Sat,Survivor,3,ap-southeast-1,steam,31,success,16,Survivor
Bc7DRtQeteev6CFPXwynJdnPac1opWh7,10:22:07,Wed,Survivor,2,us-west-2,xsx,73,success,7,Survivor
LIfxpjj40LaordFHbuYwsqy5ppcndNSn,08:04:35,Wed,Survivor,4,us-west-2,egs,28,success,17,Survivor
oR46LoxBJoJ4sP3wQztmMwaitKw5jdOe,23:41:10,Tue,Killer,1,eu-central-1,xsx,34,success,11,Killer
lNgU4UuzzSbuy9nAKlQZT1v3yz39PU3J,05:21:08,Sat,Survivor,1,ap-southeast-1,ps5,96,success,8,Survivor
0QjP0gqu5nrkMcFkTz8AmedI556cWyZO,19:45:52,Sat,Survivor,3,us-west-2,egs,58,success,7,Survivor
PDRcqQUio4GabzGrq3NCLBppn81E6YOk,13:00:27,Fri,Survivor,1,us-east-1,xsx,43,success,10,Survivor
T4RPsg3uUYDpGK6VAgvivovlSc3hrxjK,02:28:55,Fri,Killer,1,eu-central-1,egs,96,success,6,Killer
xxVbEdxeVLbrXzHosi7nTHAz1rlsFLp1,03:08:30,Wed,Killer,1,eu-central-1,steam,50,success,13,Killer
MXfSBuLfAjc7j47NWKvYcpuwBkxp5Cwl,10:45:09,Fri,Survivor,4,ap-southeast-1,xsx,106,success,6,Survivor
l1XsrXC7Li0fSpiBWkIycw21CPxmGvE0,03:30:00,Mon,Survivor,4,us-east-1,xsx,50,success,19,Survivor
gBfALxtlDkPZVpYR5SpbofBCOOKJ2zvY,21:18:53,Sat,Killer,1,us-west-2,ps5,33,success,20,Killer
1BFdkHWiJebHRSoc5W1kMLfa8hU5CRiG,15:19:40,Wed,Killer,1,ap-southeast-1,xsx,71,success,12,Killer
oI68IgaGwdxf1hhFy21V6pd1zSLmeIp5,19:36:53,Tue,Survivor,4,us-west-2,ps5,39,success,15,Survivor
vl6W9xJhGeMYyQLNnSjwRr2F5tIUpldG,04:30:42,Mon,Survivor,2,us-east-1,steam,64,success,9,Survivor
Pzybqn0gVNTOgd64RCKLvvBuPbucFI3K,22:12:34,Mon,Survivor,1,ap-southeast-1,steam,11,success,20,Survivor
XdyWdUBmqE3DlkA4AIjm17GsOdfdx3zV,23:47:37,Tue,Survivor,2,eu-central-1,egs,18,success,17,Survivor
wJrETEFjIBiZQaf9xXPFT8kn0RydJT9L,04:15:04,Mon,Survivor,2,eu-central-1,ps5,57,success,3,Survivor
bwWDGIlAkFMQDh6r5NswmZuf9igXvf4x,03:15:51,Sat,Killer,1,eu-central-1,xsx,59,success,15,Killer
cX1COikejJO1L2gTZedgiEmQkApHKnPf,06:21:28,Wed,Survivor,2,us-east-1,ps5,118,success,19,Survivor
fO5yQqlkBVjPt4BbyhcxMzk2pIjeqbSs,14:08:21,Wed,Survivor,3,us-east-1,egs,40,success,13,Survivor
fxOAgwOQbvN2WIldXlbBYs9E42XfDCm3,15:19:17,Sat,Killer,1,eu-central-1,xsx,87,success,12,Killer
zC0LVYYG9Mskxm0WxUKvaFZh418gKlfS,03:25:41,Mon,Survivor,1,eu-central-1,egs,30,success,8,Survivor
EIMXCiES1NMPWXHKzxmyxHqPhJKn60Pc,17:14:47,Thu,Survivor,3,ap-southeast-1,xsx,12,success,19,Survivor
uE4UUG4aMtcn25zwUKxNqvkvMSpJWIls,21:24:08,Sun,Killer,1,us-west-2,egs,91,success,7,Killer
FBjUJIwFSxg9K3v8sC6Fz7qVf6NQiy6S,05:44:39,Mon,Survivor,1,us-west-2,steam,0,played_cancelled,7,Survivor
1L58z3Mip5FanDF5PcvaCoAMRX8YG5Hx,03:58:38,Mon,Survivor,2,us-west-2,ps5,95,success,8,Survivor
Lyy8UbmIulCkVg6fVcWReEtk9vr1F2fi,17:50:05,Mon,Survivor,1,us-east-1,xsx,66,success,1,Survivor
QuM67wWOaGIYrDe1NbfgimEPCfh6aywa,03:10:07,Mon,Killer,1,us-west-2,steam,49,success,11,Killer
WYzmuMjdPGgjX5XYLEhWgzBaBeVhJm1R,00:57:22,Thu,Killer,1,us-west-2,ps5,37,success,12,Killer
mfsV0XWTIfb8SCWJYf2iWBEfqtCvLsmb,10:38:28,Thu,Survivor,4,us-west-2,steam,110,success,4,Survivor
Ym3bvtaEwhJqo5kIemutttgAsKrYOiJs,05:35:38,Sat,Survivor,2,us-west-2,steam,47,success,1,Survivor
mBfUOyQDWZiFJzMT13oMMtMBhJrHRBQH,09:40:08,Sun,Survivor,2,ap-southeast-1,xsx,87,success,17,Survivor
Rz0prUFpwq1zHacY2Nc9Fqhz32sulncO,23:48:04,Mon,Survivor,1,ap-southeast-1,steam,27,success,18,Survivor
UseoZQfalzQIUw59R3jH7dkl003eIMqh,01:15:31,Tue,Survivor,3,ap-southeast-1,ps5,78,success,1,Survivor
cpPlnk9UH4rboyjxzfKpT13HuzLns9su,17:18:53,Wed,Killer,1,us-west-2,ps5,78,success,6,Killer
oajGfpD5f1qS7kqb14vvsYJSinXzUzDN,00:47:57,Sun,Survivor,3,us-west-2,ps5,45,success,16,Survivor
3grzEYsozovN5hzFHiyn8eW3HS0SGnFw,13:04:35,Sun,Survivor,4,ap-southeast-1,steam,64,success,14,Survivor
JuPzlFgolzTA7tZJYAzDwyFnIgJF6ZKS,09:08:09,Fri,Survivor,4,us-east-1,ps5,104,success,8,Survivor
yGkp3Xrn4SYNoSxtreyx33LBDGiZ55DS,12:28:53,Sun,Survivor,3,eu-central-1,egs,110,success,9,Survivor
bdyN4j60hCkLmrUC1gSZNIzk9rNNW16i,04:33:16,Sat,Killer,1,us-west-2,ps5,93,success,14,Killer
d1fEk5pOAhCQVgHHFY6nWWfVOJHCx8l9,13:50:35,Fri,Survivor,2,ap-southeast-1,xsx,68,success,1,Survivor
37IiCJj5nzehMivR1FrLJWGg3RLC1A4g,06:29:54,Sun,Survivor,3,eu-central-1,ps5,113,success,3,Survivor
3R0n3B1MDNoKvlTnsM5UwW5bED6JgQ0i,16:24:15,Thu,Survivor,1,us-west-2,ps5,20,success,2,Survivor
BNYYepWsJDy0ulhfQoA98yuVHnifeWKk,22:37:18,Thu,Survivor,2,us-east-1,egs,88,success,8,Survivor
6kLsVFz4IN2F4DASvdcKrVi64oDQzk0D,14:39:58,Fri,Survivor,1,eu-central-1,xsx,51,success,16,Survivor
MDe64TZxqHfKa68tv0asmtiDhHw8R4MY,14:06:50,Fri,Survivor,3,us-east-1,steam,29,success,1,Survivor
cdGiTEnrAkHBdhWKHflBzaMnjRtfZtJo,08:12:19,Mon,Survivor,1,us-west-2,steam,80,success,15,Survivor
mNhHOo4mYVazbaQF1Eqd8TnNrQok4GvA,21:52:26,Fri,Killer,1,us-west-2,steam,98,success,19,Killer
fuBubI7YU5huxrXOTHX10ozrjpMG3hUx,11:09:38,Sun,Survivor,2,us-west-2,xsx,40,success,16,Survivor
SKHNABY52bBgAZfsbzPa0FChHeIYLjY6,04:01:43,Fri,Killer,1,eu-central-1,steam,27,success,16,Killer
qdgVJWS7a0Uv0fcmF1RPMcVGdY7Dmg5c,05:27:44,Wed,Survivor,3,us-west-2,ps5,91,success,10,Survivor
Wuej3cMvA82N3pHzictYcytKZnJYmHeN,23:41:46,Tue,Survivor,1,us-east-1,xsx,89,success,18,Survivor
S69avUSdTmpxiutLTsl5NfBEt0UxH932,21:25:27,Sun,Survivor,4,us-east-1,xsx,54,success,2,Survivor
5QBsJ5tkfsPFS2esNxq5ywNyQFK70TaR,02:12:09,Fri,Survivor,2,ap-southeast-1,egs,11,success,16,Survivor
2fOIwjfphSinvYwadw7dwR7v2RrcEYdm,07:12:49,Fri,Killer,1,eu-central-1,xsx,71,success,1,Killer
zr3hao3U4wkpzZNo3QZJzHzxypHVUGyF,21:19:10,Wed,Survivor,1,eu-central-1,ps5,52,success,10,Survivor
UziycAwUSW2IJxwPrCmhUAAvnUhVrz2U,08:29:36,Wed,Survivor,4,ap-southeast-1,steam,45,success,5,Survivor
lFZRn7ddSvAl1BspLAj7akaGPC4CY6Ur,04:24:42,Fri,Survivor,2,us-west-2,ps5,0,played_cancelled,10,Survivor
yTSloKcEM5slEM4iF4nybuE9LSoD6y1B,19:59:37,Sat,Killer,1,eu-central-1,xsx,23,success,1,Killer
u9EKsKyo6dT3D0yH4tWSvhvXf0DTupk7,18:21:00,Wed,Killer,1,eu-central-1,steam,25,success,2,Killer
yyqV27jyBkONWELhRtziX2hrV4QRJOOX,19:10:15,Thu,Survivor,1,ap-southeast-1,egs,2,success,1,Survivor
5zTb1UpLaVn8LRoiUCGCPiKD4VrS15eh,10:49:11,Sat,Survivor,2,ap-southeast-1,steam,91,success,10,Survivor
c5W3N2smIfMwYW68MRDLPZNcsf6QXpDb,00:57:32,Thu,Killer,1,ap-southeast-1,steam,83,success,8,Killer
hmi47YMKCUnhVWeGMszgxYKKdZqq4aCr,21:44:18,Mon,Survivor,2,eu-central-1,egs,14,success,11,Survivor
arAghdhKuhncRusbp5yulB1FYaKozX8K,06:03:55,Mon,Survivor,2,us-east-1,steam,14,success,8,Survivor
9eNBKz5tAc61lutIr6jrgywLkSQCsTLh,01:03:06,Sun,Survivor,2,eu-central-1,steam,47,success,16,Survivor
XlahKj7tYywOWnPcj0yZYJHyJ20ttSI2,17:18:53,Fri,Killer,1,ap-southeast-1,ps5,27,success,8,Killer
eXNFu96zvuyGKBMD8ZLXvMdOYSlNBXWx,00:15:17,Sat,Killer,1,ap-southeast-1,ps5,54,success,14,Killer
NIm6Vg2DRPbwTw78new1192NMz3Kk1Ou,13:27:50,Thu,Killer,1,ap-southeast-1,ps5,97,success,20,Killer
6PbF9nIZXGo3WPJAS3bM7sLPpGXDbfuf,02:18:56,Fri,Survivor,2,ap-southeast-1,ps5,72,success,13,Survivor
v4ku6d7dCsKn7j9NwpGmQDGi983TgvNb,22:10:36,Sun,Survivor,3,ap-southeast-1,xsx,48,success,14,Survivor
XSg1ZWKiZJHYa8WClaICVU7JQyAPJiV9,13:12:27,Mon,Survivor,4,eu-central-1,xsx,80,success,1,Survivor
ojDy4PRDBqqXactwGafwrjApxgfcpY9W,15:44:31,Fri,Killer,1,eu-central-1,egs,6,success,3,Killer
JspVKVJFtNVp0ZoCfk9eAypFvGRd6iDd,21:41:23,Sat,Survivor,4,us-east-1,steam,54,success,11,Survivor
0wKpMxqi7hS9DAUVHAXU4BekuKolyuFw,09:19:53,Tue,Killer,1,ap-southeast-1,ps5,68,success,18,Killer
rgEQGdceCfZ8twxRAyR78fAnxsKsTu8l,22:54:02,Fri,Survivor,1,ap-southeast-1,ps5,119,success,12,Survivor
KslmLdrGr2eRwQXjw3hOlLAYz3MXrse7,03:55:04,Tue,Killer,1,us-west-2,steam,50,success,18,Killer
EtWIk5DqNsqiXf1508K4ebSHtw9nkAmY,00:59:07,Mon,Survivor,3,eu-central-1,egs,82,success,8,Survivor
QwHGv8DRQS69dViCE76YCdzJCp3hPSud,19:41:22,Sat,Survivor,2,us-west-2,ps5,61,success,9,Survivor
0pMmaJ20PoMaKkHkfPqMWqc21ZtyRzXi,03:37:19,Sun,Survivor,1,us-west-2,xsx,100,success,8,Survivor
OtTKprcvBglWBAt7zR4FPBDpU3W3ShZu,11:10:43,Tue,Survivor,3,us-west-2,steam,79,success,10,Survivor
bvadj8wpQY5FcbvlbcWE8ViWolDos0TQ,18:09:11,Thu,Survivor,4,eu-central-1,steam,24,success,15,Survivor
7lSRiBCs6JPQGYvkUbBYaGxw1zHSUnIh,15:15:30,Sun,Survivor,1,us-east-1,egs,30,success,3,Survivor
zdSI8LzAcp70bfrsBKICzClOzJFHYxlZ,13:56:45,Thu,Survivor,4,us-east-1,steam,81,success,9,Survivor
Z2YAHYyGhWt3sMtKtwFtdNwstmxo2UZe,15:58:46,Wed,Killer,1,us-west-2,steam,48,success,3,Killer
FJx0cd9WyKbB5FT9MW5dg3ClvP9qW4ua,19:19:18,Mon,Survivor,1,ap-southeast-1,egs,103,success,13,Survivor
o3muMAkoHOGiPOcPJcxOfPDNZ39K2HwN,16:47:32,Sun,Killer,1,us-east-1,ps5,92,success,12,Killer
sgeIj8VVZo8C6OVnQJtLQytj9ZiuEe0e,21:12:48,Wed,Killer,1,ap-southeast-1,steam,87,success,7,Killer
sE8zEhpLECZQlZra7CEGnK1n4BQnCtoV,18:13:52,Mon,Survivor,3,us-east-1,steam,12,success,6,Survivor
BlSNwjZcjBcOHRhmyehfbxe3XNGlitAw,10:58:49,Mon,Survivor,3,ap-southeast-1,ps5,15,success,6,Survivor
zppiUFR6J0SNH66Z0nbqxAVtLZz03OEj,17:59:58,Sun,Survivor,2,us-east-1,ps5,30,success,1,Survivor
uraoOUpo4nCmDhMhzQQGvcsJIrXDNyrn,13:36:03,Sun,Survivor,2,us-east-1,steam,107,success,16,Survivor
n5Myp3VZfxlnPUqoTlPvMKlz7qT8z070,15:49:19,Sun,Survivor,3,ap-southeast-1,xsx,10,success,5,Survivor
u0xgLWrGE9AE0QbpNsO0kW6cDVUyMF0Z,18:09:43,Thu,Survivor,1,eu-central-1,ps5,116,success,12,Survivor
hpJJkIm7OXS5zqJ0lWhJZ7NIeX4Yd8a9,03:19:39,Wed,Survivor,3,us-east-1,egs,74,success,12,Survivor
oTNXirDJQ94hpndPslNShPYGDmIS3vzh,20:24:32,Tue,Survivor,4,eu-central-1,egs,51,success,17,Survivor
ByL5juqkoR12yhI08XienYqcrNiZMlOp,20:30:49,Tue,Killer,1,us-west-2,xsx,20,success,6,Killer
7G6pYNxkQCxUM2Vd1mZjI4PuzzHhOhPx,13:05:27,Mon,Survivor,1,ap-southeast-1,xsx,6,success,7,Survivor
aUGA8zuWjLO1aJERVJ5EwxPQ109qZiTM,14:42:38,Sat,Survivor,3,ap-southeast-1,steam,119,success,11,Survivor
469BLM4t6eIaCS8BSnr6I0TAUPkNT1iM,21:08:11,Sun,Killer,1,us-east-1,steam,56,success,2,Killer
QLrdfzY1gdDkoGpu84JF9mttNUlhbg13,13:13:01,Sun,Survivor,4,eu-central-1,steam,61,success,7,Survivor
hHJs27MgZe1WrWdkq25b5MOBGxBbiGrr,18:51:05,Sun,Survivor,3,eu-central-1,egs,41,success,10,Survivor
0KvYUSaPp8RN5XgQZsEV1bPtt9pQarjE,05:18:26,Mon,Survivor,1,us-east-1,ps5,96,success,6,Survivor
ecL1qTuS2mlDRLcvG4S0vpDJMdQ3T77b,16:58:49,Thu,Survivor,3,eu-central-1,egs,82,success,13,Survivor
2NXIVvBNoxYxjUPCCktXjEeeFIO8nb5y,06:35:47,Wed,Survivor,4,ap-southeast-1,egs,100,success,5,Survivor
CUQEBprtvcY0PPXvewN1f1jsFaC8vmSS,14:51:41,Tue,Survivor,3,us-west-2,egs,42,success,11,Survivor
J1vloayptK1sCFMBS9BQLrA3ThbVMDDM,04:54:55,Wed,Survivor,1,eu-central-1,steam,117,success,2,Survivor
Ry4H085LmTSsc4tgLLI0UHPDdZamvQHo,13:40:26,Wed,Killer,1,ap-southeast-1,steam,38,success,11,Killer
laEBkTZBNu6QJ0UPaYFsfEmQf9HZyNBn,18:56:39,Thu,Survivor,3,us-west-2,steam,25,success,6,Survivor
lO8lzwUT3COP0n5yDoCdgk5xMMon2svS,14:23:21,Tue,Survivor,4,us-east-1,steam,106,success,1,Survivor
KLC9iB8UTJ5gWrXtvOUs37nC6sb6rooZ,10:10:28,Mon,Survivor,1,eu-central-1,egs,114,success,1,Survivor
Al7s2168vR0JdI991qTzZkk4iq3Q27ja,00:18:47,Mon,Survivor,1,ap-southeast-1,xsx,49,success,3,Survivor
M8krImStyGv71ECpwwo2FXxOyYNqFHvb,15:31:13,Sun,Survivor,4,eu-central-1,steam,100,success,5,Survivor
Myt8kxPAAtAHaxzlA1BYJZg9d4q6uhQD,15:33:15,Mon,Survivor,1,us-east-1,ps5,113,success,9,Survivor
YnSwyiMyje9irKoVAyauwKokKBOM9mXO,15:27:22,Sat,Survivor,1,ap-southeast-1,xsx,82,success,17,Survivor
AMnBZvqK0x3gikUQjQ0jT0Mlt8MJctCN,13:58:27,Thu,Survivor,3,us-east-1,egs,83,success,4,Survivor
TtpZvx6ap8e2Nt86Yzkz4VE6psKEa2vP,21:24:59,Thu,Survivor,3,ap-southeast-1,egs,110,success,6,Survivor
DMePYgyqZeHFiASiy918BAsagFYVWn8y,14:43:37,Sun,Survivor,1,ap-southeast-1,egs,91,success,10,Survivor
EENA4WPgRu6pcjZtYixMYfvamzhlvgKm,21:42:16,Mon,Killer,1,us-west-2,steam,35,success,3,Killer
YnSlkKNlISCsW8c2BwoiEWXAyIIVxrw9,21:19:49,Sat,Survivor,4,eu-central-1,xsx,53,success,6,Survivor
Ks5aQIdn2qCfwjep9yaHqnxxgM1xLH12,09:24:20,Tue,Survivor,4,us-east-1,xsx,95,success,10,Survivor
jRSlRgmhOWyJw6O8luT3SZtmaD6iGgGb,04:10:47,Thu,Survivor,3,us-east-1,xsx,96,success,12,Survivor
banp8RMluMgGMGyY1UbCdqjfE18I4czx,23:16:51,Thu,Survivor,2,eu-central-1,ps5,72,success,19,Survivor
Iwgnzo5WhdDP3iW4NSUiYabVo2YJx9fB,00:40:39,Thu,Survivor,4,eu-central-1,egs,105,success,6,Survivor
AEq6l9wbmKKYhsnSreWczk4PpA7Ph0FP,05:54:36,Tue,Survivor,1,ap-southeast-1,egs,97,success,4,Survivor
0GUYMTMGomlZgTg75qpl9M4NDBZ1a01W,00:59:37,Sun,Survivor,4,eu-central-1,egs,85,success,15,Survivor
4TWqTvRl3zR4groKXOWhAhC1c4mNoFt6,13:04:23,Sat,Killer,1,us-west-2,xsx,80,success,8,Killer
t1IbXH3QQi9n7zgWnOHxdwhYQsmAkfcN,14:02:37,Sun,Survivor,4,us-east-1,egs,71,success,20,Survivor
4lZQ8bauSwJUgx2OGaWK6WrFV423al9Z,02:12:35,Wed,Killer,1,us-west-2,ps5,52,success,19,Killer
diyOhfSVsNjh0lw97KWgKAUjphZPdRmw,16:02:17,Wed,Survivor,1,eu-central-1,egs,65,success,9,Survivor
FmxKZ9fPwb0TbPSSPmRLHJ70tcUXmuCl,20:54:21,Wed,Killer,1,us-east-1,egs,48,success,19,Killer
CWtY2KaQIgVNyDnyyoYYEWwL8C6pCHyR,01:37:23,Tue,Survivor,1,eu-central-1,steam,62,success,2,Survivor
CVR4ugT1ITSvtkvZGbPxMgW2HvVOjUgh,13:52:37,Wed,Killer,1,eu-central-1,xsx,103,success,8,Killer
JQPttc3d7Onnu9ESgZDCzhQyT6fXZMPy,01:54:28,Sun,Survivor,4,us-east-1,xsx,92,success,18,Survivor
QCi1uFcqk0oHIg6W8thaUfNtnp4MayZQ,01:40:30,Thu,Survivor,3,ap-southeast-1,ps5,96,success,2,Survivor
YBKLNmXmGkbYNC1nISYZbMRDKcB7Shwj,05:19:03,Tue,Killer,1,us-west-2,egs,14,success,3,Killer
4CJOpMQQf9d0fttMMK2EoAnDhGyJvTPn,04:52:59,Tue,Survivor,4,us-west-2,egs,21,success,3,Survivor
9aBLYae6VBPJS2HFgD0cO49vjycAbnjr,11:59:29,Sat,Survivor,1,us-east-1,ps5,9,success,6,Survivor
bUr1VmdBDVWtKlyQIwuwcR6viNKh3ANR,06:17:05,Sun,Killer,1,ap-southeast-1,steam,37,success,9,Killer
Ei4n6KkB2c1zDtROiomxtDYfgB6UeQHG,01:18:29,Sat,Survivor,4,ap-southeast-1,xsx,18,success,5,Survivor
xcvQbVJZ3Ceca4D0yAhZ7Kombwp5BZQZ,19:31:25,Tue,Survivor,4,eu-central-1,egs,36,success,15,Survivor
GFVN4FuOIxLYWxjdu4iKTQzBf4gfMA4w,19:19:39,Fri,Survivor,4,us-west-2,steam,91,success,18,Survivor
W0JwxeoIxsFXpnxE28J4LiL0ojuaf2R6,15:52:55,Sun,Survivor,3,ap-southeast-1,egs,37,success,1,Survivor
qDHtxm2B71qy5CYuUXUi4LObE8kXNXyv,17:18:45,Sat,Survivor,1,us-west-2,steam,47,success,1,Survivor
O3uvdcBLP8FJlt4K7hBpcpiCrWab7qLF,19:11:42,Fri,Survivor,4,eu-central-1,xsx,28,success,9,Survivor
ZGZhqvtDlSLvXEpzVSBYpv1cm0YbcTux,07:14:14,Tue,Survivor,2,eu-central-1,steam,53,success,15,Survivor
V6JQicNjdD30jHjrshXfUpQIpGku9REi,20:55:48,Sun,Survivor,3,us-west-2,xsx,43,success,12,Survivor
ex8f4XeKQSBwLuj1YFoQvrpHiwtvIttd,19:23:09,Thu,Survivor,4,ap-southeast-1,steam,19,success,20,Survivor
fciQObqqj8HNkGTYYFj4mySbFt1HBuFF,14:53:11,Thu,Killer,1,ap-southeast-1,egs,48,success,16,Killer
d1ssKq9oTCGi6wIHPZoFw6UZYMsymKtw,01:18:54,Thu,Survivor,1,ap-southeast-1,steam,45,success,8,Survivor
rt7Zokl5iYlQElgG9LSQLZymLK8cb4dI,03:27:51,Sat,Survivor,3,ap-southeast-1,ps5,1,success,5,Survivor
elv4pjrdaJSe0A7MhnxSps7dj1fdHHup,16:04:48,Sun,Survivor,4,us-east-1,egs,21,success,20,Survivor
HpctNDTgyylRmGyheEagSfn6EqAgym6s,14:03:59,Fri,Survivor,1,eu-central-1,egs,6,success,3,Survivor
bxpo3u4fpgtPjKtQdgSCX0blaiwIVT4T,20:12:19,Wed,Survivor,3,ap-southeast-1,steam,84,success,4,Survivor
S3QAyNhy6FoxyOqrmsKyYCH8nQMtnT7m,07:13:44,Thu,Survivor,4,us-west-2,egs,62,success,11,Survivor
J8I811RI8eaUxvaNN5Fmc1MfkQIdEmly,08:13:00,Wed,Survivor,4,us-west-2,ps5,48,success,13,Survivor
s4zkqEvL1PuctsmtBbYLzM0lnPFFmUp5,14:34:47,Fri,Survivor,3,ap-southeast-1,egs,60,success,10,Survivor
tQPlnCS8L7iAqx8RHyvuCVhAvTKQzkE7,15:27:36,Sat,Survivor,4,eu-central-1,steam,23,success,7,Survivor
8OMCfertNoZ9xdUntI9uea0VkjJqn2cD,06:31:56,Thu,Killer,1,eu-central-1,xsx,35,success,6,Killer
ng45hoCh5SsDt0pNRVGA6JJWVloNXS8u,00:31:38,Tue,Survivor,2,ap-southeast-1,ps5,108,success,17,Survivor
eN1IqWctnhEem84yXb9fzvSVVsNuukEO,10:17:51,Tue,Survivor,1,eu-central-1,steam,35,success,19,Survivor
R0S3suFYmhrV0BmlZmmhlB6iQW6B0G7c,23:29:27,Sat,Survivor,2,ap-southeast-1,ps5,31,success,6,Survivor
JnFf9JpxUBOwHv08m6ZvSQFzNE0Cl0Tr,03:55:31,Sun,Survivor,2,us-west-2,ps5,38,success,8,Survivor
0IzpKzd3S8lFfIAZoEkbZRcQCE5e1Fbx,20:55:13,Wed,Survivor,2,eu-central-1,xsx,12,success,20,Survivor
Y6jsh3ah7HEpsYdEPh2A6OUNbF6GR2uA,04:47:15,Sun,Survivor,4,us-west-2,ps5,79,success,18,Survivor
MHATrMJvDfpURwvexzUhpDUeeVXSiURT,01:38:12,Fri,Survivor,4,us-west-2,steam,12,success,11,Survivor
3OYksrjdAXx5YxNYGzWnmh8fHtrikbN7,19:15:50,Mon,Killer,1,ap-southeast-1,xsx,100,success,13,Killer
VyVC71Bz6l1hlJe3eVE6GOwqmiHhctJr,14:27:16,Thu,Survivor,2,us-west-2,ps5,31,success,3,Survivor
q3xd8sU6sz7ddpFOUfR5xUWDEe37ZTOE,06:28:23,Fri,Killer,1,us-west-2,xsx,35,success,15,Killer
dZINpvT3IRUdurNMlayzFlSl992ZmOQb,22:38:29,Thu,Survivor,1,us-west-2,egs,92,success,5,Survivor
G1cHg0BZzE3aVGkDOBziM7ALGbgo6zEw,05:35:40,Wed,Survivor,1,us-east-1,egs,67,success,3,Survivor
8KiwuvP3jpHBmm9Lk4MIEtJvi27q4kqP,01:48:30,Mon,Survivor,4,eu-central-1,egs,63,success,12,Survivor
8UrZGt3we02wbQsPSg1x0LZn5DOPHWDg,21:50:23,Sun,Survivor,3,eu-central-1,egs,69,success,7,Survivor
iHVyhj6esNnwOpD0TJOU6hW1bvCHTx01,16:43:01,Fri,Survivor,1,eu-central-1,ps5,109,success,16,Survivor
j0u1ezyr9RL5dHn1WBQJ4QmPP3eHDt5E,11:10:41,Fri,Killer,1,ap-southeast-1,egs,45,success,10,Killer
M7E4j9z9kNi1QtfKYFcZTK3FePLM4lrG,14:56:36,Sat,Survivor,4,us-east-1,steam,114,success,1,Survivor
yWl6XC43yeOtLfCbJgeuYFEtNm8Ul8pi,09:38:35,Mon,Survivor,4,us-east-1,ps5,15,success,13,Survivor
GXMkcX93Wm5JKamPQim9hvFRZeXCmrrU,08:30:20,Thu,Survivor,2,us-west-2,egs,98,success,20,Survivor
LxnR7AUBDh3HR4y7gMqh1ia7oBvbgLbE,10:02:13,Tue,Survivor,4,ap-southeast-1,ps5,40,success,7,Survivor
TDeY6qFHZc7mm5VoTXwH7dDnMtg3lQQU,23:39:55,Mon,Killer,1,eu-central-1,xsx,81,success,16,Killer
8R6dPpuatqmGuSlhOYzf3kSguHCtGwCu,10:54:46,Tue,Survivor,2,us-east-1,xsx,99,success,7,Survivor
YRHCWIpfHyGWREW9OojK5vJjSEVbr4JM,18:20:22,Mon,Survivor,2,us-east-1,ps5,107,success,13,Survivor
C7SgN7eBwcTZ4klTDxuaOJZDFjVDNOFg,14:59:39,Tue,Survivor,2,us-east-1,egs,33,success,19,Survivor
rUfD7827V1ukaWpOrPzwaigKjNiRzl2Z,09:43:44,Sun,Survivor,4,eu-central-1,xsx,97,success,13,Survivor
BG7js1MMyBYYcgq3phSeqZeQ2PofHLnS,09:37:18,Sat,Survivor,1,us-west-2,egs,6,success,15,Survivor
QgBgz66b6XPnrVPzq56wajQrCPdKI9TB,10:43:43,Tue,Survivor,1,ap-southeast-1,steam,60,success,19,Survivor
Pm9rPHBCs7wV2XdJQUGOkU0xWtt9NEQr,06:48:17,Fri,Survivor,3,us-west-2,steam,82,success,9,Survivor
MGbdNW4XviFqXl3bfqx9u4UfiEfjOc0Z,19:04:19,Tue,Survivor,2,us-east-1,xsx,67,success,18,Survivor
XLcYd1AcW8zEDuIqvErS2GPOeMZPrR5t,14:25:18,Mon,Killer,1,us-east-1,egs,10,success,15,Killer
xzWWZffGMD2BQVEs4bx6P5wJwlBJHlCK,15:44:17,Fri,Survivor,1,us-west-2,ps5,14,success,10,Survivor
QzCNkNm8DV8op3SDdMVLMRnmRgs1BDtB,09:56:11,Thu,Survivor,1,us-east-1,xsx,76,success,8,Survivor
CGnJIk6BrBRIS6kdnNJ1qHtcRfVgw9WK,09:42:47,Tue,Survivor,2,eu-central-1,egs,101,success,18,Survivor
gjqjdqV41mqfXk6P2KtN57tYKIeoHg6N,18:58:04,Sun,Survivor,1,us-east-1,steam,68,success,18,Survivor
4b8mwKsyPE1DjdrfdYD2n5JU3QIsN530,23:08:50,Fri,Survivor,2,us-east-1,steam,39,success,1,Survivor
4RKZ4QpFOqmbE2IcFLN7cpbhiUWr5d56,16:42:38,Mon,Survivor,4,ap-southeast-1,ps5,44,success,11,Survivor
DS9ZBEkIOaki4C7ZOQntWWmU3lGCSWce,15:02:18,Sat,Survivor,3,ap-southeast-1,ps5,59,success,1,Survivor
RQpvywVeU3XD2Wt3CiZLkcKwuaGeKGTy,15:15:20,Fri,Survivor,3,ap-southeast-1,xsx,13,success,16,Survivor
LQLZxaTTCYmqq0kjrx5dxkMZC6wxaJ86,07:07:08,Mon,Survivor,3,us-west-2,xsx,104,success,17,Survivor
e1SkgAoogKwaqui9y1sBrlIEgBjhwA07,21:57:52,Sun,Survivor,3,us-west-2,xsx,72,success,11,Survivor
yzLGU58RaArxolN2sZ7axEKKuNyg05ao,14:55:21,Tue,Survivor,3,us-east-1,steam,5,success,11,Survivor
hLJ9dsByaNubKITQ1tlUBnaodVqBDqr5,11:20:04,Fri,Killer,1,eu-central-1,xsx,72,success,17,Killer
npYSt6vCDCthsfLMxRCtgEYZsfRfyOFT,13:29:59,Mon,Survivor,4,us-east-1,ps5,9,success,12,Survivor
Vabhb0SejwIe22We4cjMaBugsBq6gi9I,18:29:41,Sat,Survivor,1,ap-southeast-1,egs,17,success,2,Survivor
3sUKogSlPtFirPuJ5q1eJ3ItWPgRMTHN,00:02:34,Sat,Survivor,4,eu-central-1,steam,5,success,11,Survivor
cVf9ncEIB3AyvYSiWUcl4qyJ3yggjPme,05:31:29,Mon,Survivor,2,us-west-2,xsx,99,success,8,Survivor
QFVvRQH0APfES2UOlqOPponXnTNf8Qfa,23:05:15,Sun,Survivor,3,us-west-2,egs,60,success,19,Survivor
KVKJ3Rt57MLYb4arsa4MwYaQSVvEkgzJ,23:33:16,Fri,Survivor,1,us-west-2,egs,23,success,1,Survivor
J3gPz1vczYmbXPVu7TGLLQNlulmEdR0N,05:24:15,Tue,Survivor,2,us-west-2,ps5,17,success,17,Survivor
tqVfwjMcrUiKVdsRY6LotRLCsN04dxfp,20:56:30,Tue,Survivor,3,us-east-1,egs,76,success,13,Survivor
aFZwdBo33bMtvyKfwTtBnSG4EDVWlTpf,15:15:07,Fri,Survivor,3,eu-central-1,steam,116,success,16,Survivor
aYKdAq0JJZsdSfqcU61NTexI6HhS7xPL,10:09:51,Fri,Survivor,4,us-west-2,steam,45,success,17,Survivor
XrNT6vv6Rrl80w3BpzZE2x1Klqs3bbcl,10:54:56,Tue,Killer,1,us-west-2,egs,38,success,17,Killer
1cFiRiY85jC9cNFkyO3SVdINZBhDgAgp,23:47:23,Tue,Survivor,1,eu-central-1,xsx,61,success,4,Survivor
aTroi16TPMHHtvutzaGTeBuVyRLNAzfu,00:00:04,Tue,Survivor,3,us-east-1,xsx,14,success,20,Survivor
oBcVU58BLEKxM6VfVjtP9mCrmgIFKQXp,11:56:30,Fri,Survivor,3,us-east-1,steam,57,success,18,Survivor
p9eYjrPDoQXimXeQLPutK0BBheMGnx1p,09:55:10,Tue,Survivor,2,ap-southeast-1,ps5,85,success,20,Survivor
YzHrhEKkt4Zba7ou5tDxoRuVgzF0Sl3I,06:31:04,Mon,Survivor,3,eu-central-1,ps5,44,success,1,Survivor
x6oei1JUqRze0WpasBHz8x9rhlce2niu,07:50:34,Sun,Survivor,4,eu-central-1,ps5,45,success,11,Survivor
sdwDIPDP8Mk478di3tywDTQFpKcLh1m1,16:49:28,Fri,Survivor,4,us-east-1,steam,3,success,16,Survivor
4l523J9my50ATzVz2XHgtzZ5EfLH06jy,17:23:11,Fri,Killer,1,ap-southeast-1,ps5,66,success,11,Killer
0rawDBw73ToBEa36BeP3e3DYlKHZtnrE,10:33:17,Mon,Survivor,4,ap-southeast-1,steam,82,success,4,Survivor
bGpkcsbPRGfoviPvqhSXrFXDh3uXKDcG,18:28:20,Sun,Survivor,3,ap-southeast-1,egs,41,success,2,Survivor
yMDiQobG8NCuNiReTbQaTWZyigtni5fF,00:58:15,Thu,Survivor,2,us-east-1,egs,85,success,11,Survivor
zkZXM28xumraVhbrlYzEXLV2myEw9u9y,04:50:51,Thu,Survivor,3,us-east-1,steam,73,success,7,Survivor
MabyJAftz8XUcfuuyIDj5e8vskJYTArW,01:19:34,Thu,Survivor,4,us-east-1,xsx,15,success,19,Survivor
1s5iqsnNWsQkGwKopDiAiiqdv92my4g4,01:28:31,Tue,Killer,1,ap-southeast-1,egs,34,success,9,Killer
yh1WSkGLuwzS8k37RUg5UPdfMU9Bcihn,01:57:46,Tue,Killer,1,eu-central-1,xsx,19,success,15,Killer
pKkAUahIVBSqQ0N0dL9LsGSN0mPaZRui,16:44:46,Thu,Survivor,2,us-east-1,egs,27,success,5,Survivor
N4573f5SXs3OwTke69IAv43KP2dQVcoI,01:01:45,Wed,Survivor,1,eu-central-1,steam,44,success,16,Survivor
0QbRbvobxmq4j4gIpvdNrrQa5Rt9qW9e,03:36:58,Fri,Survivor,4,us-west-2,xsx,109,success,3,Survivor
zIqbViwQm41oFJ5b5u6L9iJLYtgqafcw,15:57:16,Sun,Survivor,1,us-west-2,steam,41,success,6,Survivor
PZlVOqku92shMqw3Vj3yD95LA1nVZOwv,13:26:26,Fri,Survivor,1,us-west-2,ps5,106,success,6,Survivor
0KlLZQfaV52QDuaUXJpFNlg3rfOdwXDH,20:16:27,Wed,Survivor,1,us-east-1,xsx,17,success,20,Survivor
tUPw5aZGRtxEKNeQhrS6wHKZwS9umt1M,04:44:42,Sat,Killer,1,us-east-1,egs,104,success,2,Killer
JYG5Nayl4TLwkkNlgQiI7tMgfYh8Mu7r,14:51:37,Mon,Survivor,3,us-west-2,ps5,45,success,14,Survivor
vj9XQl4GzU9Cild78Fxhns1MWXyfwKa2,23:53:08,Tue,Survivor,1,us-east-1,egs,82,success,1,Survivor
4hCS3f3cR4CIsqdGcZiqWoMxnLdySOZv,17:07:17,Fri,Survivor,4,us-west-2,steam,42,success,11,Survivor
552VwZzVnPHgHMxZrHRokXxg5jy4qGbj,11:06:44,Fri,Survivor,3,us-west-2,egs,91,success,16,Survivor
bXaXvvtyLUguixvlPMxZbJ0ea3r0a4zx,21:10:11,Fri,Survivor,1,ap-southeast-1,ps5,71,success,17,Survivor
TvC8Pa5dGzWKDmssdo9X0YEsJVAaG0yR,04:44:16,Wed,Survivor,1,ap-southeast-1,ps5,110,success,20,Survivor
qJ4UGHUR7shIYoFDMs73K52Y0gH5piK4,23:20:57,Fri,Survivor,1,ap-southeast-1,ps5,49,success,2,Survivor
IZ4OsbOztLwYb0LnrtwPTtZIgbaeMGJK,07:27:09,Tue,Survivor,4,us-west-2,ps5,74,success,20,Survivor
BqpTJS3EtyqOFWAEqw60audGlY91StEs,08:08:23,Mon,Survivor,4,eu-central-1,ps5,23,success,7,Survivor
Olup3ICzuKq0KwwteTObv0dhxMCjug0k,14:03:42,Tue,Survivor,4,ap-southeast-1,steam,94,success,5,Survivor
jrHgiPwlzpBTjh9gpNZDFzMWalcz7xSD,14:12:33,Sun,Survivor,1,us-west-2,egs,67,success,9,Survivor
lGQaUx4Lgvf2Kx4p9pbmRKFh0TD6eSPn,22:11:28,Sat,Survivor,3,us-west-2,egs,24,success,2,Survivor
YUA5LOlwlIorV0SEPLeFVUitnef6OQfl,11:08:51,Sun,Survivor,2,us-west-2,ps5,37,success,5,Survivor
HhebhTaW9IiAYWH9SDWRxLGMarJOYdWn,12:20:51,Tue,Survivor,2,ap-southeast-1,egs,49,success,13,Survivor
1huTw1EX3hGwM9RkkiBGhqp7EpE5e7L5,19:12:09,Tue,Survivor,4,ap-southeast-1,ps5,23,success,7,Survivor
DcaHiDh1HxJQV4DXak7h9Y8GbHzL9mBO,15:08:57,Mon,Survivor,4,eu-central-1,ps5,86,success,4,Survivor
ERVybuhB0J6REzcltHY3E5ttpK0RoNdn,13:35:51,Fri,Survivor,1,eu-central-1,steam,64,success,8,Survivor
zLpSdOvMTa9vaU8S6OQGE9qBjt9fgutO,06:03:22,Sat,Survivor,3,ap-southeast-1,egs,66,success,12,Survivor
Tv3EE4bcwnPnjcdYCw7NTrrUiH7OtCg4,08:38:56,Sun,Survivor,2,us-west-2,egs,115,success,14,Survivor
68zUOzWQCwuwHKlF7y6JZuAHgCgM6V7Q,20:43:02,Mon,Survivor,1,us-west-2,egs,117,success,20,Survivor
bUR2eIKpdJW4agA01YYpcEdYnMg2rGfF,13:17:45,Sat,Killer,1,us-east-1,ps5,60,success,12,Killer
VMQA614y1Wc9VGGQrztTEmNEA53HBhWS,12:17:06,Sun,Survivor,2,eu-central-1,steam,91,success,11,Survivor
CsUbgGEpNKTx2rGuYmX83eHvCohyzYTf,22:34:19,Fri,Survivor,1,ap-southeast-1,ps5,67,success,5,Survivor
9YT0M3i4O31EDtYtjlsPStWrwwuI9kuu,11:02:06,Fri,Killer,1,ap-southeast-1,ps5,113,success,17,Killer
kp6di45oM7TSu5pAZuZAlyEQPdopnsWd,21:35:53,Thu,Survivor,3,us-east-1,xsx,106,success,2,Survivor
6MJsiaHzNId1Aou9JsPWW0qgBAdWGnbw,07:03:51,Wed,Survivor,3,ap-southeast-1,steam,3,success,7,Survivor
yznaV7LO5Lk3L1kx6gcVTfSzBKOMifQJ,19:15:11,Fri,Survivor,1,ap-southeast-1,xsx,96,success,14,Survivor
FVWGfOoNBkYYSzqxKeVn8vrerel4HRW5,05:03:59,Tue,Survivor,1,us-west-2,steam,41,success,12,Survivor
RgUCspTCUAwduG07Ee6bvpMAIUTtbiag,08:36:19,Sat,Killer,1,eu-central-1,egs,114,success,7,Killer
KCyqZxB550dPvAutvtLNwgTbDaO56L5X,19:34:29,Tue,Survivor,1,eu-central-1,xsx,34,success,5,Survivor
IE6bmZHAcPtxqRYOQX0CzAFfYbWEWEVS,21:25:50,Wed,Survivor,3,us-east-1,ps5,2,success,8,Survivor
pKhuyX6sRLm45znLweo7fR36UAqyXUGN,16:21:55,Fri,Survivor,3,us-west-2,egs,98,success,14,Survivor
kj9pojkRH2fg1kiXCAV7CXqB3a9DBfvn,10:24:24,Fri,Survivor,4,us-west-2,xsx,25,success,20,Survivor
Cee1oCkTwBqdT8BPNFsoRuS8WvyIApKz,08:38:14,Sun,Survivor,2,ap-southeast-1,ps5,52,success,4,Survivor
qBRL2QlbhHATbAs5ta3p94Mhtpb4xth4,17:46:19,Tue,Survivor,4,eu-central-1,ps5,49,success,18,Survivor
vkoTy90qKiCRoLIG9Cpg7dgVixxaajJE,02:43:20,Mon,Survivor,3,us-east-1,ps5,21,success,17,Survivor
hYiRTsSoCETnULCJt0744CaHyAedd0mj,00:19:31,Fri,Survivor,1,ap-southeast-1,steam,28,success,20,Survivor
XFb41BQSHWo1yGbhv3V1bOctJ7M35DtD,23:55:26,Sun,Survivor,2,us-east-1,egs,82,success,6,Survivor
rz7flqQ20N4SNKOnxyFXhuRtkZZtrZIw,19:23:11,Mon,Survivor,3,eu-central-1,steam,8,success,19,Survivor
Nj5o0lBFig44gR88nfytPUJqKn1Dg5Ci,06:31:43,Sat,Survivor,2,eu-central-1,egs,81,success,18,Survivor
HqZWkcNpBDN82ntajxbg69Q8FSCs1odW,06:28:36,Sun,Survivor,1,us-east-1,ps5,91,success,4,Survivor
e08UTC7mWM1QplNyYYi04uNzAJ4wXkxb,02:37:03,Mon,Survivor,1,us-west-2,xsx,3,success,3,Survivor
R4lKpVL784iXAAYKRHirZFrTWDkDYVFQ,06:06:43,Sun,Survivor,4,us-east-1,ps5,96,success,12,Survivor
VVhwwutUGrn5gQKgeghFLGmzBpYhaSeA,13:15:09,Wed,Killer,1,us-west-2,xsx,3,success,8,Killer
26mHJKGNSGqFppba3WEvKoIHz5XQkJB7,04:04:47,Wed,Survivor,3,us-west-2,ps5,67,success,13,Survivor
zeNKaG0mJTpckEyrIG6asyexjbF1fLz6,17:51:36,Wed,Survivor,4,ap-southeast-1,egs,49,success,1,Survivor
uMEOqii9SmTsjN1tdbjNTNQgYUl6Lr3k,17:44:04,Wed,Killer,1,ap-southeast-1,steam,96,success,8,Killer
jR1bjsXVxd016UWoPwlxXSxd1ry1jMAc,19:32:18,Sat,Survivor,1,eu-central-1,steam,80,success,9,Survivor
Tw5diN8fYK1DW5pTwfOukymV4SO2WCCM,00:04:20,Sun,Survivor,4,us-east-1,ps5,53,success,14,Survivor
Vc52FjAdKMyeBYBDVxB7Q7DGwu1UZJ1m,12:41:16,Thu,Killer,1,eu-central-1,egs,55,success,20,Killer
AQHknhUvCX4LwdAxMNQaVjHOVtgEzPw6,04:23:06,Mon,Survivor,2,eu-central-1,ps5,0,played_cancelled,4,Survivor
ouohT3H7frGbZTsDN2qxhUaXIt2Cb18Q,07:02:10,Wed,Survivor,3,us-east-1,steam,5,success,17,Survivor
LnAwy7yHhqBEW93OtuAs29zHGGifdSBc,21:57:55,Fri,Survivor,3,us-west-2,xsx,18,success,17,Survivor
4TmZx5GJ8iiPboUv3jddN7UeCe0NONvA,13:14:34,Mon,Survivor,2,ap-southeast-1,xsx,98,success,11,Survivor
HItE6QElxqH7RWLAwzCDenOe1Tl4Z0kM,23:45:35,Sun,Killer,1,eu-central-1,xsx,80,success,13,Killer
QD3CQpDQGoAXT1VtdoxjjXqxHpzXpYY2,16:43:00,Tue,Survivor,3,us-west-2,ps5,30,success,2,Survivor
ivdPGY5CmUvBi6bmc0Eqq895oUXcaAgE,17:57:43,Mon,Survivor,1,us-east-1,xsx,95,success,10,Survivor
GvkbIHT5zJrXcJRJfPkthrY9oi63rqnO,02:25:50,Sun,Killer,1,ap-southeast-1,egs,108,success,18,Killer
YqzsRRjAc9J9GBkswpcBAl07CVyLwfGU,22:07:15,Tue,Killer,1,ap-southeast-1,egs,31,success,10,Killer
CiB8ptJ6AhLU4Fb3G5mWos9GsIB8bSRk,23:42:36,Sun,Survivor,3,us-west-2,xsx,39,success,2,Survivor
c330YRV9gKDONQX8Apsoz0O9jfYDJtvE,00:43:19,Fri,Killer,1,ap-southeast-1,ps5,40,success,13,Killer
sAAlTrl2hjPYpLkUgFzYQW2WgdbaXthK,02:55:41,Sat,Survivor,4,us-east-1,egs,94,success,20,Survivor
n1vRxmNufS0U77FsIOqEA9Vxzy8TFSQB,03:37:25,Tue,Survivor,1,us-west-2,steam,52,success,1,Survivor
nUOfrtBf1lNJNIfgdGQiuiYcsuLETuDB,02:45:05,Mon,Survivor,1,ap-southeast-1,steam,61,success,7,Survivor
Pm7OQX2jbz2j7h6QMK7aePTNso4p6aEP,05:03:43,Sat,Survivor,2,eu-central-1,xsx,46,success,12,Survivor
NfOEspRtLdijf04PGQeJWNCmJJqYjnfj,15:52:50,Sun,Survivor,2,ap-southeast-1,steam,28,success,1,Survivor
NAH9B2975QGIZTEgqGrQ5sV5WpLI8UJC,13:59:42,Thu,Killer,1,us-west-2,steam,21,success,7,Killer
WsdXAB0EtvjtHawAtzGiJxPtRjUKX1eq,21:46:32,Tue,Survivor,2,ap-southeast-1,xsx,59,success,13,Survivor
AWkfSTpbFVIPptfQSQ56LdyZKGGYD2Zs,01:27:35,Wed,Survivor,1,us-east-1,egs,29,success,14,Survivor
TnoHQYb8935HnL2DgYhjWBcfOPvGPXPM,14:00:55,Mon,Survivor,1,ap-southeast-1,ps5,55,success,17,Survivor
KzaW5zxEXUINCQCYvVQioCmidMi7SkAc,06:56:26,Sun,Killer,1,eu-central-1,xsx,70,success,2,Killer
fIll96eF3eSE6i6Dmg28hkzFexZvNM8s,05:05:39,Mon,Killer,1,eu-central-1,egs,22,success,3,Killer
HZenzNBMZ2iAHCHfzGNEGZy66GPdqlBX,07:30:37,Sun,Survivor,4,ap-southeast-1,egs,23,success,6,Survivor
GSU2Zv34FEcn30UZuzCBbR9rMEmJHx5u,19:51:52,Fri,Survivor,4,us-east-1,ps5,59,success,15,Survivor
3EdQT6b0AJDad1P2ueqmbKhTGSipJ0ff,15:18:15,Sat,Survivor,2,us-east-1,egs,26,success,1,Survivor
